Keyword,Currency,Avg. monthly searches,Three month change,YoY change,Competition,Competition (indexed value),Top of page bid (low range),Top of page bid (high range)
tata solar panel,INR,5000,0%,0%,Medium,37,1.19,21.30
solar power,INR,50000,0%,0%,Low,6,5.25,53.35
power solar company,INR,500,0%,0%,Low,16,11.21,59.94
solar system company,INR,500,0%,0%,Low,24,6.94,53.91
solar panel near me,INR,5000,0%,0%,Low,16,4.01,39.96
solar electricity,INR,5000,0%,0%,Low,18,6.13,43.03
solar energy,INR,50000,0%,0%,Low,6,12.49,54.94
green power,INR,5000,0%,0%,Low,2,18.31,66.60
solar system near me,INR,500,900%,900%,Low,11,4.23,43.29
solar energy system,INR,5000,0%,0%,Low,16,6.56,32.87
solar panel manufacturers,INR,5000,0%,0%,Low,14,8.09,26.28
solar for home,INR,50000,0%,0%,High,89,5.24,19.15
solar power for homes,INR,5000,0%,900%,High,92,5.01,34.79
solar electric system,INR,5000,0%,0%,Low,33,5.96,23.95
solar panel for home,INR,50000,0%,0%,High,89,5.24,19.15
rooftop solar,INR,50000,0%,900%,Low,15,4.74,22.63
solar project,INR,5000,0%,0%,Low,6,7.17,70.02
solar system for home,INR,5000,0%,0%,High,89,2.46,18.31
solar panel,INR,500000,0%,0%,High,81,4.27,17.66
solar energy companies,INR,5000,0%,0%,Low,8,13.32,64.93
solar power plant,INR,50000,0%,0%,Low,6,5.83,18.70
renewable energy companies,INR,5000,0%,900%,Low,18,17.48,72.75
house solar system,INR,5000,0%,0%,High,89,2.46,18.31
tata solar panel price,INR,5000,0%,0%,Medium,44,1.36,16.56
solar power for house,INR,500,0%,0%,High,82,4.01,21.03
solar power system,INR,5000,0%,0%,Medium,51,7.86,28.96
solar plant,INR,5000,0%,0%,Low,8,3.63,13.31
solar panels for business,INR,500,0%,0%,Low,30,3.71,15.97
solar panel system for home,INR,5000,0%,0%,High,89,2.46,18.31
virtual power plant,INR,500,0%,0%,Low,5,38.97,148.16
solar companies,INR,5000,0%,0%,Low,16,9.99,65.77
power energy,INR,500,-90%,0%,Low,1,18.31,92.41
solar panels for home cost,INR,50000,0%,900%,High,93,3.80,13.43
solar farm,INR,5000,0%,0%,Low,3,4.64,40.88
green energy solar,INR,500,0%,0%,Low,7,16.00,58.27
sun energy,INR,5000,900%,0%,Low,1,27.47,166.50
solar panel distributor,INR,500,0%,0%,Low,29,4.30,20.27
solar information,INR,500,0%,0%,Low,7,5.83,40.79
power purchase agreement,INR,500,0%,0%,Low,1,6.24,293.04
solar power solutions,INR,5000,-90%,0%,Low,11,5.52,43.29
solar energy companies near me,INR,500,0%,0%,Low,7,15.27,88.89
on grid solar system,INR,5000,0%,0%,Low,15,5.44,19.25
solar power energy,INR,500,0%,0%,Low,4,6.29,55.78
solar technology,INR,5000,0%,0%,Low,8,5.83,58.27
get solar,INR,50,0%,0%,Low,9,,
solar panel companies,INR,5000,0%,900%,Low,18,6.12,58.27
solar system price,INR,5000,0%,0%,High,95,1.38,11.40
solar energy system for home,INR,5000,0%,0%,High,89,2.46,18.31
net metering,INR,5000,0%,0%,Low,1,5.83,15.84
smart energy,INR,500,0%,0%,Low,5,13.31,45.79
solar installation company,INR,500,0%,0%,Low,20,6.95,55.84
new energy,INR,500,0%,0%,Low,6,18.13,94.90
going solar,INR,50,0%,0%,Low,0,,
solar power panels,INR,500,0%,0%,Medium,56,5.00,22.34
solar installation,INR,5000,0%,0%,Low,13,5.16,23.90
solar panel quotes,INR,500,0%,0%,Low,15,8.33,40.92
home solar power system,INR,5000,0%,0%,High,89,2.46,18.31
solar electricity for home,INR,50000,0%,0%,High,89,5.24,19.15
rooftop solar panel cost,INR,500,0%,0%,Medium,37,1.76,15.03
get solar panels,INR,50,0%,0%,Low,18,,
solar plant for home,INR,5000,0%,0%,High,71,5.01,18.78
solar business,INR,500,0%,0%,Low,23,4.09,64.93
solar energy definition,INR,5000,0%,0%,Low,0,34.13,344.65
install solar panels,INR,5000,0%,0%,Low,23,5.31,26.30
solar for my home,INR,50,0%,0%,High,86,6.01,19.98
solar panels for home near me,INR,500,0%,900%,Medium,34,7.02,37.74
solar panels for home use,INR,500,0%,0%,High,77,3.87,15.05
solar energy plans,INR,50,0%,0%,Low,8,,
solar products,INR,5000,0%,0%,High,69,1.59,21.13
electric solar panels,INR,500,0%,0%,Medium,47,5.03,24.14
solar rooftop calculator,INR,50000,-90%,900%,Low,13,9.00,176.25
solar farm companies,INR,50,0%,0%,Low,11,7.61,27.47
solar power for business,INR,50,0%,-90%,Low,29,4.57,74.09
residential solar,INR,500,0%,0%,Low,5,5.00,33.85
solar power companies near me,INR,5000,0%,0%,Low,8,11.61,66.60
solar for my house,INR,50,0%,0%,High,86,6.01,19.98
green energy companies,INR,500,0%,0%,Low,21,20.75,81.17
solar power installation,INR,5000,0%,0%,Low,23,5.31,26.30
government solar scheme,INR,500,0%,900%,Low,13,2.63,11.62
residential solar systems,INR,500,0%,0%,Low,15,5.97,26.54
solar panels for your home,INR,50000,0%,0%,High,89,5.24,19.15
house solar panels,INR,50000,0%,0%,High,89,5.24,19.15
government solar panel program,INR,50,0%,900%,Low,1,,
solar panels for my house,INR,50,0%,0%,Low,30,6.16,19.42
pv panels,INR,500,0%,0%,Low,1,6.46,32.49
free solar,INR,500,0%,0%,Low,12,3.29,16.80
solar panel program,INR,50,0%,0%,Low,0,,
solar energy panels,INR,500,0%,0%,Low,18,4.21,37.24
power purchase agreement solar,INR,50,0%,900%,Low,2,2.47,16.47
free solar panels,INR,500,0%,0%,Low,20,4.22,11.41
solar power near me,INR,5000,0%,0%,Low,16,4.01,39.96
solar website,INR,500,0%,0%,Low,17,8.44,208.95
solar info,INR,50,0%,0%,Low,0,,
residential solar panels,INR,500,0%,0%,Low,14,5.04,18.31
solar energy for home,INR,500,900%,0%,Medium,41,5.02,19.37
solar investment,INR,5000,0%,0%,Low,5,9.68,46.76
solar power for my home,INR,50,0%,0%,Low,30,6.16,19.42
solar power quotes,INR,50,0%,0%,Low,3,,
solar system for home price,INR,5000,0%,0%,High,96,3.32,13.86
us solar,INR,500,0%,0%,Low,23,124.04,416.24
solar panel system,INR,5000,0%,0%,Medium,54,6.66,20.81
solar pump,INR,50000,0%,900%,Low,30,1.78,9.13
best solar companies,INR,50,0%,900%,Low,13,6.37,66.60
off grid power system,INR,50,0%,0%,Low,13,7.88,35.80
solar panels for my home,INR,50,0%,0%,Low,30,6.16,19.42
renewable energy projects,INR,5000,0%,0%,Low,18,14.03,32.47
off grid power,INR,50,0%,0%,Low,2,,
solar energy solutions,INR,500,0%,0%,Low,8,5.95,22.48
best solar system for home,INR,500,0%,0%,High,73,5.02,22.46
government solar,INR,500,0%,900%,Low,0,,
photovoltaic panels,INR,500,0%,0%,Low,1,6.46,32.49
domestic solar panels,INR,500,0%,0%,Medium,50,4.20,17.53
best solar panel companies,INR,5000,0%,0%,Low,22,6.02,32.47
price of solar panel for home,INR,50000,0%,900%,High,93,3.80,13.43
solar power for home cost,INR,50000,0%,900%,High,93,3.80,13.43
solar program,INR,50,0%,0%,Low,8,4.24,18.31
solar energy quotes,INR,500,0%,0%,Low,0,,
top rated solar companies,INR,50,0%,0%,Medium,36,5.00,44.12
solar panel price,INR,50000,0%,900%,High,98,2.01,11.33
solar company near me,INR,5000,0%,0%,Low,8,11.61,66.60
online solar quote,INR,50,0%,0%,Low,0,,
clean energy companies,INR,5000,0%,900%,Low,18,17.48,72.75
solar panel information,INR,5000,0%,0%,Low,12,7.49,47.45
solar energy world,INR,50,0%,0%,Low,1,,
commercial solar companies,INR,50,0%,0%,Low,16,8.28,54.94
get paid to go solar,INR,50,0%,0%,Unknown,,,
government solar program,INR,500,0%,900%,Low,2,,
buy solar panels for home,INR,500,0%,0%,High,81,6.16,19.98
commercial solar system,INR,500,900%,0%,Low,5,8.24,102.40
green energy solutions,INR,500,0%,0%,Low,14,16.65,66.60
top solar companies,INR,500,0%,0%,Low,14,7.04,60.77
solar panel system for house,INR,50,0%,0%,High,96,5.00,27.14
government solar panels,INR,500,0%,900%,Low,22,3.99,15.40
national portal for rooftop solar,INR,50000,0%,900%,Low,14,6.70,18.31
solar panels grants,INR,50,0%,0%,Low,0,,
solar cell,INR,50000,0%,0%,Low,6,4.99,19.52
government solar panel scheme,INR,5000,0%,900%,Low,7,2.85,13.61
tata solar panel price in india,INR,5000,0%,0%,Medium,48,1.36,51.60
best solar companies near me,INR,50,0%,0%,Low,8,,
get solar panels for free,INR,50,0%,0%,Low,17,6.85,33.90
off grid power solutions,INR,50,0%,0%,Low,8,,
free solar panel program,INR,50,-100%,0%,Unknown,,,
buy solar panels,INR,5000,0%,900%,High,81,2.26,17.09
solar near me,INR,5000,0%,0%,Low,8,4.35,55.62
power cell,INR,5000,-90%,-90%,Low,4,,
get solar panels for home,INR,50,-100%,-100%,Unknown,,,
no cost solar,INR,50,0%,0%,Low,5,,
free government solar panels,INR,50,0%,0%,Medium,36,3.57,10.82
wind and solar,INR,50,0%,0%,Low,1,,
government solar panels program 2022,INR,50,0%,-100%,Unknown,,,
best solar,INR,500,0%,0%,Low,30,4.22,19.23
solar power generation,INR,5000,0%,0%,Low,14,7.13,40.40
grid solar,INR,500,0%,0%,Low,9,5.58,24.49
solar panels for sale near me,INR,50,-90%,0%,Medium,48,3.26,21.97
green power solar,INR,50,0%,0%,Low,2,,
solar works,INR,500,0%,0%,Low,4,4.28,51.62
solar system cost,INR,500,0%,0%,Low,25,4.17,14.95
sun solar company,INR,50,0%,0%,Low,8,5.44,34.10
solar panel quote online,INR,50,0%,0%,Medium,43,8.64,36.97
rooftop solar panels,INR,5000,0%,0%,Low,17,4.66,22.14
solar panel farm,INR,500,0%,0%,Low,19,1.72,14.98
best solar power companies,INR,50,0%,900%,Low,13,6.37,66.60
getting solar panels for your home,INR,50,0%,0%,Unknown,,,
solar system installation near me,INR,500,0%,0%,Low,21,5.29,34.19
industrial solar panels,INR,500,0%,0%,Low,27,6.78,24.31
solar energy information,INR,5000,0%,0%,Low,12,7.49,47.45
residential solar companies,INR,50,0%,0%,Low,10,,
solar energy installation,INR,500,0%,0%,Low,14,5.98,31.63
solar panels cost,INR,5000,0%,0%,Medium,43,2.71,11.65
go solar power,INR,50,0%,0%,Low,2,,
solar electric company,INR,5000,0%,0%,Low,16,9.99,65.77
adding solar panels to house,INR,50,0%,0%,Low,0,,
solar energy near me,INR,5000,0%,0%,Low,8,4.35,55.62
solar energy for my house,INR,50,0%,0%,Low,30,6.16,19.42
top solar panel companies,INR,500,0%,900%,Low,11,6.73,58.27
solar system suppliers near me,INR,50,-90%,0%,Medium,39,6.61,39.13
cost to install solar panels,INR,5000,0%,0%,Low,27,4.26,13.49
solar system for home cost,INR,5000,0%,0%,High,96,3.32,13.86
solar panels for home government scheme,INR,500,0%,0%,Low,20,5.46,18.09
solar cost,INR,500,0%,0%,Low,17,2.48,12.61
best rated solar companies,INR,50,0%,900%,Low,13,6.37,66.60
selling solar,INR,50,0%,0%,Low,1,,
go solar for free,INR,50,0%,0%,Unknown,,,
clean energy solar panels,INR,50,-100%,0%,Unknown,,,
solar energy stocks,INR,5000,0%,0%,Low,1,20.37,70.04
net metering program,INR,50,0%,∞,Low,0,,
government solar panel scheme 2022,INR,500,0%,-99%,Low,0,,
solar plans,INR,5000,0%,0%,Low,10,2.48,13.32
solar panel companies near me,INR,500,0%,0%,Low,19,7.00,59.64
solar panel calculator for home,INR,500,0%,0%,Low,16,6.60,24.97
switch to solar energy,INR,50,0%,0%,Low,3,,
solar power panels for home,INR,50000,0%,0%,High,89,5.24,19.15
e on solar panels,INR,50,0%,0%,Low,0,,
commercial solar,INR,500,0%,0%,Low,7,5.88,20.62
solar scheme,INR,500,0%,0%,Low,18,2.27,11.65
solar power information,INR,5000,0%,0%,Low,12,7.49,47.45
government sponsored solar panels,INR,50,0%,∞,Low,5,,
solar smart install,INR,50,-100%,-100%,Unknown,,,
residential solar power,INR,5000,0%,0%,High,71,5.01,18.78
solar panels and battery,INR,5000,0%,0%,High,92,0.96,11.65
energy solutions,INR,500,0%,0%,Low,4,11.65,66.60
best solar installers,INR,50,0%,0%,Low,7,,
solar energy calculator,INR,500,0%,0%,Low,4,5.92,14.98
top 5 solar companies,INR,50,0%,0%,Low,3,,
solar price,INR,5000,0%,0%,High,90,1.50,11.27
solar companies in my area,INR,50,0%,∞,Low,21,,
solar shop near me,INR,5000,0%,0%,Low,9,3.35,30.21
solar installation cost,INR,500,0%,0%,Low,30,4.30,14.57
new energy company,INR,50,0%,0%,Low,18,16.65,71.59
solar panel scheme,INR,5000,0%,900%,Low,1,4.51,17.53
purchase solar panels for home,INR,500,0%,0%,High,81,6.16,19.98
solar electricity plans,INR,50,0%,0%,Low,8,,
rooftop solar cost,INR,500,0%,0%,Low,28,1.73,15.06
solar power cost,INR,5000,0%,0%,Medium,43,2.71,11.65
commercial solar companies near me,INR,50,-100%,-100%,Unknown,,,
convert solar,INR,50,0%,0%,Low,0,,
get paid for solar panels,INR,50,-100%,0%,Unknown,,,
full solar panel system,INR,50,0%,0%,High,67,1.05,15.82
net energy metering,INR,5000,0%,0%,Low,1,5.83,15.84
solar power for your home,INR,50000,0%,0%,High,89,5.24,19.15
solar panel subsidy,INR,5000,0%,0%,Low,19,2.16,13.61
solar news,INR,500,0%,0%,Low,2,20.81,89.08
solar rooftop price list,INR,5000,0%,0%,Low,26,1.62,15.01
best electric company for solar panels,INR,50,-100%,-100%,Unknown,,,
free solar installation,INR,50,0%,0%,Low,20,4.68,12.63
free solar power,INR,50,0%,0%,Low,20,,
best residential solar companies,INR,50,0%,0%,Low,29,,
solar for home cost,INR,50000,0%,900%,High,93,3.80,13.43
benefit of solar panels,INR,5000,0%,0%,Low,6,1.66,24.97
my solar,INR,500,0%,0%,Low,2,,
solar panels calculator,INR,5000,0%,0%,Low,5,6.65,19.15
rooftop solar system,INR,500,0%,0%,Low,23,4.25,23.31
buy solar,INR,50,0%,0%,Medium,35,,
about solar energy,INR,5000,0%,0%,Low,19,9.16,44.68
solar installation companies near me,INR,500,0%,0%,Low,21,6.76,48.56
solar panel jobs,INR,500,0%,0%,Low,19,1.04,4.64
switching to solar power,INR,50,0%,0%,Low,0,,
solar system company near me,INR,50,0%,0%,Low,31,7.72,49.58
off grid solar power systems,INR,5000,0%,0%,Low,23,6.37,21.29
solar panels gov,INR,500,0%,900%,Low,15,3.91,14.98
solar panel installation companies,INR,500,0%,0%,Low,20,6.95,55.84
solar electric companies near me,INR,50,0%,-100%,Unknown,,,
solar panel suppliers near me,INR,500,0%,0%,Low,28,4.18,23.31
sustainable energy companies,INR,50,0%,0%,Low,20,16.15,49.95
top rated solar companies near me,INR,50,-100%,0%,Unknown,,,
purchase solar panels,INR,5000,0%,900%,High,81,2.26,17.09
top 10 solar companies,INR,500,0%,0%,Low,4,6.00,53.28
rooftop solar power,INR,5000,0%,0%,Low,14,5.85,23.93
solar renewable energy,INR,5000,0%,0%,Low,3,13.30,54.94
solar photovoltaic panels,INR,5000,900%,0%,Low,6,5.63,17.16
solar equipment,INR,500,0%,0%,Low,32,1.01,14.15
contact solar,INR,50,0%,0%,Low,2,,
switch electric company,INR,50,0%,0%,Low,0,,
sun solar panels,INR,500,0%,0%,Medium,66,2.46,17.48
solar panels for your house,INR,50000,0%,0%,High,89,5.24,19.15
green energy solar panels,INR,50,0%,0%,Low,8,9.74,58.27
solar for your home,INR,5000,0%,0%,High,71,5.01,18.78
solar heating,INR,500,0%,0%,Low,3,1.08,29.89
solar service,INR,500,0%,900%,Low,18,14.31,80.15
green solar energy,INR,500,0%,0%,Low,6,15.50,44.12
all solar energy,INR,50,0%,0%,Low,0,,
solar energy cost,INR,5000,0%,0%,Medium,43,2.71,11.65
commercial solar panel,INR,500,0%,0%,Low,15,7.82,27.06
sun panels,INR,50,-90%,0%,Low,14,4.79,9.69
us solar companies,INR,50,0%,0%,Medium,54,145.69,531.13
solar power installation cost,INR,500,0%,0%,Low,30,4.30,14.57
solar panel contractors,INR,50,0%,0%,Low,12,5.03,45.75
home solar installation,INR,50,0%,0%,Low,32,5.83,26.48
commercial solar installation companies,INR,50,0%,0%,Low,12,,
green electric,INR,500,0%,0%,Low,2,20.71,56.61
solar panels to power house,INR,500,0%,0%,High,82,4.01,21.03
best home solar companies,INR,50,0%,0%,Low,31,,
national solar companies,INR,50,0%,0%,Low,0,,
solar power system for home price,INR,500,0%,0%,High,93,4.64,16.33
solar panel capacity,INR,500,0%,0%,Low,7,4.10,13.36
free solar program,INR,50,0%,0%,Unknown,,,
start solar,INR,500,0%,0%,Low,0,,
solar off grid system,INR,5000,0%,0%,Low,23,6.37,21.29
consumer reports solar panels,INR,50,0%,0%,Unknown,,,
solar panel info,INR,5000,0%,0%,Low,12,7.49,47.45
solar power electricity,INR,5000,0%,0%,Low,18,6.13,43.03
highest rated solar companies,INR,50,∞,∞,Low,0,,
solar panel installation companies near me,INR,500,0%,0%,Low,19,7.00,59.64
power smart solutions,INR,50,0%,0%,Low,0,,
solar farm near me,INR,50,0%,0%,Low,1,,
solar for house price,INR,500,0%,0%,High,94,1.41,20.85
solar dealer,INR,500,0%,0%,Low,17,3.95,17.48
solar jobs,INR,500,0%,0%,Low,15,1.40,8.26
best solar energy companies,INR,50,0%,0%,Low,12,12.99,60.77
top ten solar companies,INR,500,0%,0%,Low,4,6.00,53.28
floating solar panels,INR,500,0%,0%,Low,1,8.32,30.04
best way to get solar panels,INR,50,-100%,0%,Unknown,,,
solar panels installed for free,INR,50,0%,0%,Low,20,4.68,12.63
green energy group,INR,50,0%,0%,Low,3,,
solar system installation cost,INR,500,0%,0%,Low,32,4.25,16.65
solar farm cost,INR,50,0%,0%,Low,9,5.97,169.89
best solar panel companies near me,INR,50,0%,0%,Low,26,6.42,39.13
domestic solar system,INR,500,0%,0%,Medium,60,1.38,14.46
us solar program,INR,50,∞,0%,Low,0,,
clean solar,INR,50,0%,0%,Low,2,,
good solar companies,INR,50,0%,0%,Low,0,,
solar power price,INR,500,0%,0%,High,85,1.51,18.70
solar panel estimate cost,INR,50,0%,0%,Low,32,3.63,20.20
solar panel shop near me,INR,5000,0%,0%,Low,14,3.44,21.76
renewable energy systems,INR,50000,0%,0%,Low,0,13.32,40.79
renewable solar,INR,50,0%,0%,Low,6,18.31,102.40
e solar,INR,500,0%,0%,Medium,52,,
solar panels estimate,INR,50,0%,0%,Low,21,7.03,22.48
shop renewable energy,INR,50,0%,0%,Low,0,,
national solar,INR,500,0%,0%,Low,2,4.29,17.48
solar panels commercial building,INR,50,0%,0%,Low,28,8.28,48.28
get paid to install solar panels,INR,50,0%,0%,Unknown,,,
solar panel franchise,INR,500,0%,0%,Medium,40,3.13,17.48
solar panel wattage,INR,500,0%,0%,Low,13,2.71,12.65
home solar companies,INR,50,0%,0%,Low,7,,
solar solution,INR,5000,-90%,0%,Low,11,5.52,43.29
best solar installation companies,INR,5000,0%,0%,Low,22,6.02,32.47
best company to install solar panels,INR,50,0%,0%,Low,12,,
my solar power,INR,50,0%,0%,Low,0,,
off grid electricity,INR,50,0%,0%,Low,3,,
best solar plans,INR,50,0%,0%,Low,24,,
renewable energy solutions,INR,500,0%,0%,Low,13,12.49,43.29
solar power installation companies,INR,500,0%,0%,Low,20,6.95,55.84
more green energy,INR,50,0%,-90%,Low,21,38.19,218.28
solar supplies near me,INR,500,0%,900%,Low,22,4.11,25.64
rooftop solar panels for home,INR,500,0%,0%,Medium,40,6.68,30.29
solar system for house cost,INR,5000,0%,0%,High,96,3.32,13.86
new solar panels,INR,500,0%,0%,Medium,42,3.01,19.98
solar farm investment,INR,50,0%,0%,Low,6,,
residential solar power systems,INR,500,0%,0%,Low,15,5.97,26.54
solar panel setup,INR,500,0%,0%,Medium,52,5.02,17.48
solar system for business,INR,50,0%,0%,Low,24,,
solar power system cost,INR,500,0%,0%,Low,25,4.17,14.95
invest in solar projects,INR,500,0%,900%,Low,6,18.56,47.26
power on solar,INR,50000,0%,0%,Low,6,5.25,53.35
renewable energy corporation,INR,500,0%,0%,Low,6,14.39,57.44
government paying for solar panels,INR,50,-100%,-100%,Unknown,,,
solar for all,INR,50,0%,0%,Low,1,,
clean power,INR,500,0%,0%,Low,11,,
solar distributor,INR,500,0%,0%,Low,18,3.75,39.13
solar store,INR,500,0%,0%,Low,24,1.84,54.94
solar smart,INR,500,0%,900%,Low,10,52.52,89.34
install solar panels at home,INR,500,0%,0%,Medium,38,5.83,22.73
net metering solar,INR,5000,0%,0%,Low,8,4.16,14.27
solar thermal,INR,500,0%,0%,Low,2,6.66,58.27
solar energy pdf,INR,5000,900%,0%,Low,1,19.48,330.50
smart energy group,INR,50,0%,0%,Low,0,,
national portal of rooftop solar,INR,5000,0%,900%,Low,16,5.06,18.31
solar panels for house cost,INR,50000,0%,900%,High,93,3.80,13.43
buy solar system for home,INR,50,0%,0%,High,88,4.25,18.20
solar for good,INR,50,0%,0%,Unknown,,,
free solar system,INR,50,0%,0%,Low,12,5.38,9.16
best rated solar companies near me,INR,50,∞,∞,Low,0,,
commercial solar power,INR,500,0%,0%,Low,15,7.82,27.06
solar generation,INR,500,0%,900%,Low,4,5.83,26.64
government subsidy solar panels,INR,5000,0%,900%,Low,18,2.59,14.67
biggest solar companies,INR,50,0%,0%,Low,8,11.51,93.24
top solar companies near me,INR,50,0%,0%,Low,23,24.97,70.45
free home solar panels,INR,50,0%,0%,Medium,54,5.52,23.31
solar panel finance,INR,50,-90%,0%,Low,9,0.98,27.54
solar setup for house,INR,50,0%,0%,Medium,58,1.06,14.40
free solar panels for home use,INR,50,0%,0%,Low,24,4.36,13.29
solar electric system for home,INR,5000,0%,0%,High,89,2.46,18.31
free solar panel scheme,INR,500,0%,-90%,Low,24,3.03,9.28
new solar panel technology,INR,500,0%,0%,Low,30,6.66,20.81
renewable energy in india,INR,5000,0%,0%,Low,5,12.42,66.60
my home solar,INR,50,0%,0%,Low,5,,
solar on today,INR,50,0%,∞,Low,0,,
national grid solar panels,INR,50,0%,∞,Medium,43,,
smart solar energy,INR,50,0%,0%,Low,4,,
solar gov,INR,500,0%,900%,Low,9,3.30,14.15
going solar cost,INR,50,-100%,0%,Unknown,,,
off grid energy,INR,50,0%,0%,Low,1,,
solar energy in india,INR,5000,0%,0%,Low,3,6.56,86.58
solar industry,INR,5000,0%,0%,Low,0,17.48,95.74
solar panels for schools,INR,500,0%,0%,Low,23,0.96,18.48
commercial solar panel companies,INR,50,0%,0%,Low,12,,
solar switch,INR,500,0%,0%,Medium,66,,
all energy,INR,500,0%,0%,Low,1,39.96,166.50
green solar panels,INR,500,0%,0%,Medium,36,2.47,17.48
solar panel store near me,INR,500,0%,0%,Low,21,2.51,26.22
residential solar companies near me,INR,50,0%,0%,Low,29,,
solar system calculator for home,INR,50,0%,900%,Low,12,5.89,17.01
free solar energy,INR,500,0%,0%,Low,20,4.22,11.41
residential solar installation,INR,50,0%,0%,Low,8,6.78,166.50
solar power plant for home,INR,5000,0%,0%,High,71,5.01,18.78
green energy solar company,INR,50,0%,0%,Low,14,8.25,54.94
solar app,INR,5000,0%,900%,Low,2,12.07,48.50
home solar power system cost,INR,5000,0%,0%,High,96,3.32,13.86
sun solar power,INR,50,0%,0%,Low,3,7.16,89.74
solar power house cost,INR,50000,0%,900%,High,93,3.80,13.43
solar panel system with battery,INR,50,0%,0%,Medium,64,0.99,10.30
my energie,INR,50,0%,0%,Low,0,,
solar energy for house,INR,50000,0%,0%,High,89,5.24,19.15
selling solar panels,INR,50,0%,0%,Low,31,5.10,17.48
solar energy jobs,INR,500,0%,0%,Low,18,1.66,10.70
solar energy panels for home,INR,50000,0%,0%,High,89,5.24,19.15
solar tree,INR,5000,0%,0%,Low,1,0.95,109.89
cost of residential solar panels,INR,50,900%,900%,Low,32,2.63,11.56
solar energy suppliers,INR,50,0%,0%,Low,27,6.52,40.67
solar engineering,INR,500,0%,0%,Low,4,4.16,54.07
10 best solar companies,INR,50,0%,0%,Low,12,,
electricity plans with solar,INR,50,0%,-100%,Unknown,,,
solar setup for home,INR,500,0%,0%,High,92,5.03,22.27
selling solar energy,INR,50,0%,0%,Low,5,,
get solar for free,INR,50,-100%,0%,Unknown,,,
solar panel technology,INR,500,0%,0%,Low,13,5.83,14.98
home power,INR,50,0%,0%,Low,0,,
solar energy grants,INR,50,0%,∞,Low,0,,
solar energy introduction,INR,5000,0%,0%,Low,3,16.85,492.83
energy exchange solar,INR,50,0%,0%,Unknown,,,
future solar,INR,500,0%,900%,Low,4,8.32,44.79
solar guide,INR,50,0%,0%,Low,1,,
tata power solar price list,INR,5000,0%,900%,Low,17,4.17,31.99
solar agency,INR,500,0%,0%,Low,25,4.76,20.43
solar cost for house,INR,50,0%,0%,Low,33,1.11,11.26
buy solar panels online,INR,500,0%,0%,High,100,1.44,17.89
solar panels northampton,INR,50,0%,0%,Unknown,,,
solar energy project,INR,5000,0%,0%,Low,7,11.58,33.30
floating solar,INR,500,0%,0%,Low,1,,
solar companies in india,INR,5000,0%,0%,Low,9,7.20,32.68
rooftop solar installation,INR,500,0%,900%,Low,19,7.39,32.34
solar epc companies,INR,500,0%,0%,Low,9,9.35,98.23
cost of home solar panel system,INR,5000,0%,0%,High,96,3.32,13.86
new solar technology,INR,500,0%,0%,Low,22,6.66,25.15
industrial solar panel installation,INR,50,0%,0%,Medium,38,7.65,20.33
solar energy news,INR,500,0%,0%,Low,2,,
solar power estimate,INR,50,0%,0%,Low,2,,
solar rooftop yojana,INR,5000,0%,0%,Low,26,3.95,15.02
solar farm installation companies,INR,50,0%,0%,Low,30,7.83,29.14
grid solar panels,INR,500,0%,0%,Medium,35,4.18,14.93
best commercial solar companies,INR,50,0%,0%,Low,17,,
largest solar companies,INR,50,0%,0%,Low,8,11.51,93.24
new power solar,INR,50,0%,0%,Low,0,,
solar panel setup for home,INR,500,0%,0%,High,92,5.03,22.27
best solar company in india,INR,5000,0%,0%,Low,20,6.09,24.12
get solar panels installed,INR,50,0%,0%,Medium,43,,
clean energy solutions,INR,500,0%,900%,Low,9,14.54,50.78
best solar panels in india,INR,5000,0%,0%,Medium,65,4.37,16.86
solar connect,INR,5000,0%,0%,Low,2,2.57,12.06
future energy,INR,500,0%,0%,Low,13,17.48,75.76
solar grid,INR,500,0%,0%,Low,9,5.58,24.49
industrial solar,INR,500,0%,0%,Low,12,8.03,32.47
best electricity company for solar,INR,50,-100%,-100%,Unknown,,,
solar power free installation,INR,50,0%,0%,Low,20,4.68,12.63
sell solar from home,INR,50,0%,∞,Low,0,,
solar supplier near me,INR,500,0%,900%,Low,22,4.11,25.64
latest solar panel technology,INR,500,0%,0%,Low,32,5.83,18.31
top solar power companies,INR,500,0%,0%,Low,14,7.04,60.77
off grid energy solutions,INR,50,0%,0%,Low,0,,
solar panel plans,INR,50,0%,0%,Low,10,6.73,22.04
about solar panels,INR,500,0%,0%,Low,13,2.71,12.28
electric bill with solar panels,INR,50,0%,0%,Low,4,,
solar panel services,INR,500,0%,0%,Low,17,4.30,47.07
solar for house cost,INR,50000,0%,900%,High,93,3.80,13.43
solar system install,INR,500,0%,0%,Low,18,4.73,24.29
solar energy business,INR,500,0%,0%,Low,22,5.83,61.19
finance solar system,INR,50,0%,0%,Low,8,,
solar power suppliers,INR,500,0%,0%,Medium,36,4.36,28.97
solar benefit,INR,5000,0%,0%,Low,7,5.83,49.12
solar products for home,INR,50000,0%,0%,High,89,5.24,19.15
buy solar panels near me,INR,50,0%,0%,High,77,,
off grid solar power,INR,50,0%,0%,Low,5,6.50,61.92
solar energy suppliers near me,INR,50,0%,0%,Low,29,,
solar panels for your home cost,INR,50000,0%,900%,High,93,3.80,13.43
solar business for sale,INR,50,0%,0%,Low,29,1.11,157.92
solar panel vendors near me,INR,50,0%,900%,Low,21,4.49,31.79
top renewable energy companies,INR,500,0%,0%,Low,18,18.92,63.27
basic solar,INR,50,0%,0%,Low,0,,
solar thermal energy,INR,5000,0%,-90%,Low,2,5.83,32.47
energy panels,INR,50,0%,0%,Low,0,,
solar energy courses,INR,500,0%,0%,Medium,34,4.16,31.95
all about solar panels,INR,500,0%,0%,Low,24,4.99,53.28
top residential solar companies,INR,50,∞,0%,Low,14,,
solar system program,INR,50,0%,0%,Low,6,8.44,18.85
off grid electrical systems,INR,50,0%,0%,Low,13,7.88,35.80
sun panels for electricity,INR,50,0%,0%,Low,0,,
solar panel and battery installation,INR,50,0%,0%,Unknown,,,
solar energy installation cost,INR,5000,0%,0%,Low,27,4.26,13.49
big solar power,INR,50,0%,0%,Low,0,,
rooftop power,INR,50,0%,0%,Low,14,,
solar generation calculator,INR,500,0%,0%,Low,2,4.76,18.31
solar calculator online,INR,50,0%,0%,Low,1,,
solar bill calculator,INR,500,0%,900%,Low,0,,
price to install solar panels,INR,50,0%,900%,Low,22,4.32,13.29
cost of solar panel installation for home,INR,50,0%,-90%,Low,19,2.98,8.25
history of solar energy,INR,500,0%,0%,Low,1,,
shop solar panels,INR,50,0%,0%,Medium,36,2.00,12.49
home power sun energy,INR,50,0%,0%,Unknown,,,
uses of solar energy,INR,5000,0%,0%,Low,1,5.83,66.60
solar panel dealership,INR,500,0%,0%,Low,23,3.71,20.83
solar energy products,INR,500,0%,0%,Low,26,6.16,58.27
solar farm financing,INR,50,0%,∞,Low,10,,
solar tariff rates,INR,50,0%,0%,Low,0,,
solar panel investment,INR,500,-90%,0%,Low,5,,
best energy company for solar panels,INR,50,0%,∞,Low,0,,
sun panels for home,INR,50000,0%,0%,High,89,5.24,19.15
future of solar energy,INR,500,0%,0%,Low,14,9.99,35.80
solar panel price in india,INR,5000,0%,0%,High,88,2.00,12.19
leading solar companies,INR,50,0%,0%,Low,8,11.51,93.24
sun energy company,INR,50,0%,0%,Low,2,,
solar panel installation cost calculator,INR,500,0%,0%,Low,15,5.21,16.95
solar power source,INR,50,0%,0%,Low,7,,
solar subsidy,INR,5000,0%,0%,Low,8,2.11,18.11
photovoltaic cell,INR,50000,0%,0%,Low,2,5.83,12.39
green power solar company,INR,50,0%,0%,Low,4,,
solar sales company,INR,50,0%,0%,Low,0,,
best off grid power source,INR,50,-100%,-100%,Unknown,,,
house solar system price,INR,5000,0%,0%,High,96,3.32,13.86
residential solar energy,INR,50,0%,0%,Low,1,,
green electric company,INR,50,0%,0%,Low,3,18.73,67.32
best solar electricity plan,INR,50,0%,-100%,Unknown,,,
residential solar near me,INR,50,0%,0%,Low,18,,
power solutions solar,INR,50,0%,0%,Low,7,,
solar panel system price,INR,500,0%,0%,High,87,4.30,19.85
largest solar company in us,INR,50,0%,0%,Unknown,,,
solar stores near me,INR,50,900%,900%,Low,7,2.52,27.59
cost to install solar panels on house,INR,50,0%,0%,Low,18,5.68,35.33
smart home solar,INR,50,0%,0%,Low,12,,
green solar power,INR,50,0%,0%,Low,0,,
g solar,INR,500,0%,0%,Low,21,43.60,146.70
solar farm for sale,INR,50,0%,0%,Low,5,,
solar panels online,INR,500,0%,0%,High,100,2.32,16.65
solar panel store,INR,50,0%,0%,Medium,36,2.00,12.49
solar panel project,INR,5000,0%,0%,High,91,1.45,31.80
biggest renewable energy companies,INR,50,900%,900%,Low,3,34.67,132.59
top solar energy companies,INR,50,-90%,0%,Low,8,14.98,65.77
cost to buy solar panels,INR,50,0%,0%,Medium,57,,
plan solar,INR,50,0%,0%,Low,0,,
solar electric power generation,INR,5000,0%,0%,Low,14,7.13,40.40
switch to solar,INR,50,0%,0%,Low,0,,
solar power for homes price,INR,50000,0%,900%,High,93,3.80,13.43
solar energy store,INR,50,0%,0%,Low,4,,
space solar,INR,50,0%,0%,Low,1,,
residential solar panel installation,INR,50,0%,0%,Low,5,5.00,48.70
solar panel payment plan,INR,50,0%,0%,Low,0,,
life of solar panels,INR,500,0%,0%,Low,4,5.83,11.65
commercial solar installations,INR,50,0%,0%,Low,5,20.81,117.51
commercial solar contractors,INR,50,0%,0%,Low,0,,
green energy investment,INR,500,0%,0%,Low,6,14.77,89.22
green energy project,INR,5000,0%,0%,Low,18,14.03,32.47
best solar system company,INR,50,0%,0%,Low,25,5.00,39.13
solar works energy,INR,50,0%,0%,Low,0,,
solar application,INR,5000,0%,0%,Low,1,4.42,15.82
solar training courses,INR,500,0%,0%,Low,30,4.53,22.48
solar pv systems,INR,5000,0%,0%,Low,4,5.83,41.62
industrial solar companies,INR,50,0%,0%,Low,7,7.93,66.60
buy solar system,INR,50,900%,900%,High,87,1.85,14.03
solar co,INR,50,0%,0%,Low,3,,
photovoltaic power station,INR,500,0%,0%,Low,2,,
my energy group,INR,50,0%,0%,Low,0,,
solar energy investment,INR,500,900%,900%,Low,6,10.18,40.32
best renewable energy companies,INR,500,0%,0%,Low,18,18.92,63.27
best solar rates,INR,50,-100%,-100%,Unknown,,,
solar energy group,INR,50,0%,0%,Low,10,,
solar system for home in india government subsidy,INR,5000,0%,0%,Low,26,5.55,17.35
solar panel website,INR,500,0%,0%,Low,27,7.04,27.10
solar tariff,INR,500,0%,-90%,Low,0,,
solar farm installation,INR,50,0%,0%,Low,14,,
renewable energy stocks list,INR,500,0%,0%,Low,0,,
best solar panel company in india,INR,5000,0%,0%,Low,19,5.55,24.84
sun power company,INR,5000,0%,0%,Low,1,6.69,195.63
off grid solar system price,INR,500,0%,0%,Medium,65,5.51,22.67
solar and wind energy,INR,5000,0%,900%,Low,6,6.66,56.36
solar panel price calculator,INR,500,0%,0%,Low,15,5.21,16.95
solar rates,INR,500,0%,0%,Low,19,1.51,13.32
selling solar power to generate income,INR,50,0%,0%,Low,0,,
solar energy training,INR,500,-90%,0%,Low,31,5.83,21.80
home solar solutions,INR,500,0%,0%,Medium,57,5.06,23.91
utility scale,INR,50,0%,0%,Low,0,,
solar energy contractors near me,INR,50,0%,0%,Low,0,,
solar rooftop online application,INR,5000,0%,-90%,Low,24,6.25,20.61
solar power service,INR,50,0%,0%,Low,10,,
solar equipment near me,INR,50,0%,0%,Low,6,,
national solar energy,INR,50,0%,0%,Low,1,,
domestic solar panels cost,INR,50,0%,0%,Medium,54,2.00,9.98
top us solar companies,INR,50,0%,0%,Medium,50,154.84,491.17
solar installation services,INR,500,0%,900%,Low,10,5.01,38.09
best solar companies to invest in,INR,50,0%,0%,Low,0,,
solar up,INR,50,0%,0%,Medium,48,1.02,17.48
renewable energy for home,INR,50,0%,0%,Low,13,12.47,34.96
solar calculation,INR,500,-90%,-90%,Low,3,5.83,13.32
solar panel application,INR,500,0%,0%,Low,8,5.10,35.80
solar energy contractors,INR,500,0%,0%,Low,1,,
new power company,INR,50,0%,0%,Low,6,19.98,59.94
solar panel requirement calculator,INR,500,0%,0%,Low,9,7.14,17.48
biggest solar panel companies,INR,50,-90%,0%,Low,2,,
commercial solar panel installation,INR,50,0%,0%,Low,12,7.57,24.97
solar education,INR,50,0%,0%,Low,18,7.49,67.29
solar bill,INR,50,0%,0%,Low,1,,
solar saving,INR,50,0%,0%,Low,6,,
best energy company for solar,INR,0,0%,0%,Unknown,,,
rooftop solar scheme,INR,5000,0%,900%,Low,23,4.32,30.98
solar companies stock,INR,500,0%,0%,Low,1,,
free electricity for home,INR,50,0%,0%,Low,9,0.96,94.45
solar system installation company,INR,50,0%,0%,Medium,35,6.02,43.35
green home solar,INR,50,0%,0%,Low,0,,
solar development companies,INR,50,0%,0%,Low,0,,
solar panel farm cost,INR,50,0%,0%,Low,13,5.01,13.28
solar panel installation services,INR,50,-90%,0%,Low,4,6.66,166.50
solar energy price,INR,500,0%,0%,Low,10,1.81,38.29
western solar,INR,50,0%,0%,Low,3,,
solar panels sc,INR,50,0%,0%,Low,0,,
national rooftop solar,INR,5000,0%,900%,Low,7,6.00,19.99
solar farm business plan,INR,500,0%,0%,Low,12,5.28,20.24
green energy technologies,INR,500,0%,0%,Low,12,13.14,32.66
us solar panels,INR,500,0%,900%,Medium,43,100.73,362.96
number of solar panels needed,INR,50,0%,0%,Low,0,,
upgrade solar panels,INR,50,0%,0%,Low,5,7.56,11.06
solar price for home,INR,5000,-90%,0%,High,95,1.08,14.25
solar p,INR,50000,0%,0%,Low,6,5.25,53.35
solar panel power calculator,INR,500,0%,0%,Low,3,6.66,17.48
solar panel capacity calculator,INR,500,0%,900%,Low,4,5.66,9.99
renewable energy projects for students,INR,500,0%,0%,Low,12,13.32,30.80
microgrid companies,INR,50,0%,0%,Low,23,19.52,154.06
solar panel check up,INR,50,0%,0%,Low,29,,
solar power units,INR,50,0%,-90%,Low,30,2.01,13.53
solar epc,INR,500,0%,-90%,Low,2,9.35,27.47
solar power setup,INR,50,0%,0%,Low,29,3.46,13.90
solar power generation calculator,INR,500,0%,0%,Low,2,4.76,18.31
solar panels today,INR,50,0%,0%,Low,14,,
commercial solar energy,INR,50,0%,0%,Low,6,,
solar company website,INR,50,0%,0%,Low,22,21.01,166.50
govt solar scheme,INR,500,0%,900%,Low,13,2.63,11.62
of grid solar system,INR,50,0%,0%,Low,13,0.99,8.12
solar energy website,INR,50,0%,0%,Low,14,11.67,215.61
largest renewable energy companies,INR,50,900%,900%,Low,3,34.67,132.59
industrial solar system,INR,500,0%,-90%,Low,23,7.01,28.14
solar retailer,INR,50,0%,0%,Low,2,,
solar microgrid,INR,50,0%,0%,Low,9,35.80,194.80
space based solar power,INR,5000,0%,0%,Low,1,13.20,66.60
solar capacity calculator,INR,50,0%,900%,Low,2,,
solar system house price,INR,50,0%,0%,High,96,1.11,11.65
energy solar plans,INR,50,-100%,0%,Unknown,,,
ppa agreement,INR,500,0%,0%,Low,1,,
solar electricity for home price,INR,50000,0%,900%,High,93,3.80,13.43
off grid solar panel,INR,500,0%,0%,Medium,53,3.79,23.31
panel solar for sale,INR,500,0%,0%,High,78,1.78,19.69
solar energy equipment suppliers,INR,500,0%,0%,Low,3,7.13,19.15
pay as you go solar system,INR,50,∞,0%,Low,7,,
full house solar system,INR,50,0%,0%,High,71,,
act solar,INR,50,0%,0%,Low,0,,
top 10 solar panel company in india,INR,5000,0%,0%,Low,7,7.49,29.42
domestic solar,INR,50,0%,0%,Low,30,3.52,18.31
my solar energy,INR,50,0%,0%,Low,0,,
top 10 residential solar companies,INR,50,0%,0%,Low,11,,
solar electricity cost,INR,500,0%,0%,Low,10,1.81,38.29
sustainable energy systems,INR,50,0%,0%,Low,30,75.53,332.16
history of renewable energy,INR,50,0%,-90%,Low,4,9.16,109.06
number 1 solar company,INR,50,0%,0%,Low,20,,
solar power system installation,INR,500,0%,0%,Low,18,4.73,24.29
solar panel area calculator,INR,500,-90%,-90%,Low,1,,
problems with solar panels,INR,500,0%,0%,Low,5,5.83,10.31
residential solar system cost,INR,50,0%,0%,Low,31,,
renewable energy products,INR,500,0%,0%,Low,24,15.82,55.78
big solar companies,INR,50,0%,0%,Low,2,,
solar companies in us,INR,500,0%,0%,Low,32,171.49,477.02
private solar panels,INR,50,0%,∞,Medium,43,,
solar modules,INR,5000,0%,0%,Low,12,1.04,21.46
solar electricity installation,INR,50,0%,0%,Low,32,,
residential solar panel companies,INR,50,0%,0%,Low,21,6.93,67.27
solar panel supplier near me,INR,50,0%,0%,Medium,34,4.30,35.80
solar companies in dubai,INR,500,0%,0%,Low,30,19.27,109.89
free solar panel scheme by government of india,INR,5000,0%,900%,Low,30,3.97,22.07
my energy solar,INR,50,-100%,-100%,Unknown,,,
solar panel home installation cost,INR,500,0%,0%,Low,31,4.10,13.75
utility scale solar,INR,50,0%,0%,Low,2,,
wind solar,INR,500,0%,0%,Low,4,1.09,45.79
solar tower,INR,500,0%,0%,Low,1,5.83,89.67
green point energy,INR,50,-100%,0%,Unknown,,,
renewable energy software,INR,50,0%,0%,Low,22,11.65,49.12
solar company names,INR,500,0%,0%,Low,8,2.50,59.94
solar installation contractor,INR,50,0%,0%,Low,14,,
solar power contractors,INR,500,900%,0%,Low,12,6.25,75.19
solar power equipment,INR,500,0%,0%,Low,32,1.01,14.15
top 10 solar panel companies,INR,50,0%,0%,Low,2,7.23,39.96
solar panel check,INR,500,0%,900%,Low,15,5.83,19.38
solar panel installation government scheme,INR,500,0%,0%,Low,19,4.14,15.82
largest residential solar companies,INR,50,-100%,-100%,Unknown,,,
renewable energy services,INR,50,0%,0%,Low,2,,
govt solar panel scheme,INR,5000,0%,900%,Low,7,2.85,13.61
us clean energy,INR,500,0%,0%,Low,26,125.81,349.64
solar farm contractors,INR,50,0%,0%,Low,0,,
number of solar panels calculator,INR,50,0%,0%,Low,4,,
solar panels near me for sale,INR,50,0%,0%,Low,31,,
solar panel courses online,INR,50,0%,0%,Medium,38,,
solar power training,INR,500,0%,0%,Low,3,1.07,14.98
s0lar panels,INR,50,0%,0%,High,69,1.50,9.03
solar energy article,INR,500,0%,0%,Low,19,6.66,39.13
solar contract,INR,50,0%,0%,Low,8,3.28,72.91
best solar panel for home,INR,500,0%,0%,Medium,62,5.00,21.97
solar panel equipment,INR,50,0%,0%,High,69,1.10,14.15
solar panel price bangalore,INR,500,0%,0%,High,97,4.48,20.89
solar panel guide,INR,50,0%,0%,Low,9,5.83,16.65
green energy investors,INR,50,0%,0%,Low,5,,
individual solar panels,INR,50,0%,0%,High,79,,
fit solar panels,INR,500,0%,0%,Low,15,4.21,16.55
financing solar projects,INR,50,0%,0%,Low,0,,
solar energy service,INR,50,0%,0%,Low,5,5.84,57.44
act solar program,INR,50,∞,∞,Low,0,,
solar electricity calculator,INR,5000,0%,0%,Low,5,6.65,19.15
government loan for solar panels,INR,50,0%,0%,Low,1,,
solar panels needed to power house,INR,50,0%,0%,Low,11,,
solar panel system installation,INR,500,0%,0%,Low,18,4.73,24.29
virtual power purchase agreement,INR,50,0%,0%,Low,0,,
best rooftop solar panels,INR,50,-90%,-90%,Low,10,5.03,21.64
latest solar technology,INR,500,0%,0%,Low,23,5.83,20.53
solar power subsidy,INR,5000,0%,0%,Low,8,2.11,18.11
solar projects near me,INR,50,0%,0%,Low,3,,
solar panels work,INR,5000,0%,0%,Low,2,5.75,24.97
sun solar panel company,INR,50,0%,0%,Low,9,,
best off grid power systems,INR,50,0%,0%,Low,0,,
solar power store near me,INR,5000,0%,0%,Low,9,3.35,30.21
solar farm business,INR,50,0%,0%,Low,12,5.38,19.15
watts per solar panel,INR,50,0%,0%,Low,8,,
solar cooperative,INR,50,0%,0%,Low,8,,
government approved solar panel companies,INR,50,0%,0%,Low,29,8.23,58.27
solar power jobs,INR,500,0%,0%,Low,15,1.40,8.26
national solar rooftop portal,INR,5000,0%,0%,Low,2,6.80,19.98
best electricity tariff for solar panels,INR,50,-100%,0%,Unknown,,,
national portal rooftop solar,INR,5000,-90%,0%,Low,13,6.69,18.19
switch solar,INR,50,0%,0%,Low,0,,
renewable energy research,INR,50,0%,0%,Low,22,12.36,39.13
solar power setup for home,INR,500,0%,0%,High,92,5.03,22.27
commercial solar projects,INR,50,0%,0%,Low,9,7.00,26.67
clean energy services,INR,50,0%,0%,Low,4,,
solar panel installation process,INR,500,0%,0%,Low,16,5.83,13.73
solar installation contractors,INR,50,0%,0%,Low,14,,
solar equipment supplier near me,INR,50,0%,0%,Low,19,4.37,20.30
solar brands,INR,50,0%,0%,Low,5,5.02,15.82
best location for solar panels,INR,50,0%,0%,Low,0,,
generation solar,INR,50,0%,0%,Low,0,,
top solar companies in us,INR,50,0%,0%,Medium,50,154.84,491.17
solar energy home cost,INR,50,0%,0%,Low,29,,
best energy supplier for solar panels,INR,50,0%,0%,Unknown,,,
all energy companies,INR,50,0%,0%,Low,5,,
solar rooftop yojana apply online,INR,500,0%,0%,Medium,35,4.60,17.99
cost of off grid solar system,INR,50,0%,0%,Medium,34,4.19,25.29
solar panel requirements,INR,50,0%,0%,Low,21,5.49,15.81
solar registration,INR,500,0%,0%,Low,10,3.83,16.65
solar cell panel,INR,500,0%,0%,Low,16,9.23,38.95
solar panel retailers,INR,50,0%,0%,Low,8,13.32,97.40
solar developer,INR,50,0%,0%,Low,5,,
solar system equipment list,INR,50,0%,0%,Low,11,4.96,14.98
solar power panel installation,INR,5000,0%,0%,Low,23,5.31,26.30
domestic solar panel installation,INR,50,0%,0%,Low,29,7.52,21.92
list of solar companies,INR,500,0%,900%,Low,2,14.15,66.60
solar equipment for home,INR,500,0%,900%,High,92,5.61,19.15
best way to use solar power at home,INR,50,0%,0%,Low,0,,
solar panel problems and solutions,INR,50,0%,0%,Low,7,5.83,15.39
national solar rooftop,INR,5000,0%,9900%,Low,9,6.66,18.91
solar power finance,INR,50,0%,0%,Low,1,,
residential solar panel system,INR,50,∞,0%,Low,0,,
sun for energy,INR,500,-90%,-90%,Low,0,,
20 solar panels,INR,50,0%,0%,High,94,,
solar installers near me,INR,500,0%,0%,Low,21,6.76,48.56
sun power,INR,5000,0%,0%,Low,1,4.29,47.82
solar panel installers near me,INR,500,0%,0%,Low,18,5.96,45.10
sun solar,INR,500,0%,0%,Low,4,3.70,33.30
best solar companies in california,INR,50,0%,-90%,Medium,57,,
smart solar savings,INR,50,0%,0%,Low,0,,
solar tech,INR,5000,0%,0%,Low,8,5.83,58.27
best solar panels 2022,INR,50,0%,0%,Low,13,,
solar panel cleaning service,INR,500,0%,0%,Low,12,1.08,52.45
solar contractors near me,INR,50,0%,-90%,Low,16,6.66,71.14
solar lead generation,INR,500,0%,900%,Low,11,9.69,45.53
solar power installers near me,INR,500,0%,0%,Low,21,6.76,48.56
solar financing,INR,50,0%,0%,Low,3,,
solar lead generation companies,INR,50,0%,0%,Low,23,12.46,67.43
tata power pune,INR,500,0%,0%,Low,1,,
solar financing companies,INR,50,0%,0%,Low,3,,
best solar companies in southern california,INR,50,0%,0%,High,71,,
best solar installers near me,INR,50,0%,0%,Low,15,5.31,20.20
tata power bangalore,INR,500,0%,0%,Low,1,1.81,34.64
top solar companies california,INR,50,0%,∞,Medium,56,162.34,416.24
solar company reviews,INR,50,0%,0%,Low,8,,
green power company,INR,500,0%,900%,Low,2,15.90,75.76
sun power solar reviews,INR,50,∞,∞,Low,7,,
best solar panel,INR,5000,0%,0%,Medium,62,4.28,15.82
solar city solar panels,INR,50,0%,0%,Low,14,,
solar panel suppliers,INR,500,0%,0%,Low,25,4.27,24.45
consumer reports best solar companies,INR,50,0%,0%,Low,29,,
best solar panel brands,INR,500,0%,0%,Low,17,4.17,25.21
sun power solar panel,INR,50,0%,0%,Medium,39,2.50,17.48
best solar panels california,INR,50,-100%,0%,Unknown,,,
solar companies in california,INR,500,0%,0%,Low,11,144.02,416.24
sun power customer service,INR,50,0%,∞,Low,0,,
solar energy installers near me,INR,500,0%,0%,Low,18,5.96,45.10
california solar panels,INR,50,0%,0%,Medium,35,145.69,416.24
go power solar,INR,50,0%,0%,Low,0,,
roofing and solar companies near me,INR,50,0%,0%,Low,0,,
sun power solar company,INR,500,0%,0%,Low,8,6.99,24.23
sun power solar panels for sale,INR,50,0%,0%,Unknown,,,
sun power solar cost,INR,50,-100%,-100%,Unknown,,,
solar energy world reviews,INR,50,0%,0%,Low,0,,
best solar panel installers near me,INR,50,0%,0%,Medium,37,,
solar financing rates,INR,50,0%,0%,Low,0,,
go green solar,INR,500,0%,0%,Low,4,8.41,235.59
sun value solar reviews,INR,50,0%,0%,Unknown,,,
solar roofing companies near me,INR,50,0%,0%,Low,17,,
solar panel cleaning service near me,INR,500,0%,0%,Low,13,1.57,31.19
solar cleaning service,INR,500,0%,0%,Low,14,7.43,94.33
best solar leads,INR,50,-100%,-100%,Unknown,,,
best solar system,INR,500,0%,0%,Low,19,4.75,14.56
smart green solar,INR,50,0%,0%,Low,0,,
consumer reports best solar companies in california,INR,50,0%,0%,Unknown,,,
solar service near me,INR,500,0%,0%,Low,24,8.48,85.51
sun solar solutions,INR,50,0%,0%,Low,4,,
tata power work,INR,500,0%,0%,Low,1,,
solar suppliers,INR,500,0%,0%,Medium,36,4.36,28.97
southern solar,INR,50,0%,0%,Low,10,,
solar panels for business grants,INR,50,0%,∞,Low,29,,
solar world,INR,500,0%,0%,Low,0,,
solar panel dealers near me,INR,500,0%,0%,Low,20,3.45,20.81
solar panel installers in my area,INR,50,0%,∞,Low,0,,
tata power renewable energy,INR,5000,0%,0%,Low,2,6.66,58.27
new roof with solar panels,INR,50,0%,0%,Low,0,,
commercial solar panel installers near me,INR,50,0%,0%,Low,0,,
solar pv installers near me,INR,50,0%,0%,Low,19,,
sun solar reviews,INR,50,0%,0%,Low,0,,
solar panel contractors near me,INR,50,0%,0%,Medium,36,6.93,50.80
solar installers in my area,INR,50,0%,∞,Medium,43,,
commercial solar financing,INR,50,0%,∞,Low,0,,
residential solar installers near me,INR,50,0%,0%,Low,29,9.98,85.69
solar installer jobs,INR,50,0%,0%,Low,20,1.56,9.29
solar panel electrician near me,INR,50,0%,0%,Low,27,3.68,14.63
top 10 solar companies in california,INR,50,∞,0%,High,71,,
best residential solar panels,INR,50,0%,0%,Low,4,,
tata power wind energy,INR,50,0%,0%,Low,8,12.07,55.78
solar stocks to buy,INR,500,0%,0%,Low,0,,
united solar,INR,50,0%,0%,Low,3,,
off grid solar installers near me,INR,50,0%,0%,Low,31,,
best solar loan companies,INR,50,∞,0%,Low,0,,
top rated solar companies in california,INR,50,0%,-90%,Medium,57,,
solar loan rates california,INR,50,∞,∞,Low,0,,
best rated solar panels,INR,50,0%,0%,Low,30,2.41,10.65
solar roof installers near me,INR,50,0%,0%,Low,13,4.66,11.03
solar solutions near me,INR,50,0%,-90%,Low,16,7.74,59.93
solar roofing companies,INR,50,0%,0%,Low,11,5.39,55.78
best solar lead generation companies,INR,50,0%,0%,Low,7,,
best solar panel installers,INR,50,0%,0%,Low,12,4.18,44.48
solar marketing agency,INR,50,0%,0%,Low,16,7.01,30.51
top 5 solar companies in california,INR,50,-100%,-100%,Unknown,,,
solar system installers near me,INR,50,0%,0%,Medium,40,10.45,56.61
commercial solar financing companies,INR,50,0%,0%,Low,29,,
solar and roofing companies,INR,50,0%,0%,Low,11,5.39,55.78
residential solar financing companies,INR,50,0%,0%,Low,0,,
roof and solar company,INR,50,0%,0%,Unknown,,,
tata power renewable energy ltd,INR,50,0%,0%,Low,1,,
solar loan companies,INR,50,0%,0%,Low,6,,
solar cleaning near me,INR,50,0%,0%,Low,12,6.02,40.14
solar companies in southern california,INR,50,∞,0%,Low,4,,
solar power contractors near me,INR,50,0%,-90%,Low,16,6.66,71.14
solar contractors in my area,INR,50,0%,0%,Medium,57,,
best solar financing companies,INR,50,0%,0%,Low,0,,
best solar company reviews,INR,50,0%,0%,Low,0,,
best solar loans,INR,50,0%,0%,Low,0,,
solar city california,INR,50,0%,0%,Low,14,,
best solar stocks,INR,500,0%,900%,Low,1,,
sun power reviews,INR,50,0%,0%,Low,0,,
sun power corporation,INR,5000,0%,0%,Low,1,6.69,195.63
solar company reviews california,INR,50,0%,-100%,Unknown,,,
best solar companies to work for,INR,50,0%,0%,Low,9,,
solar service solutions,INR,50,0%,0%,Low,0,,
best value solar panels,INR,50,0%,∞,Medium,52,,
commercial solar installers near me,INR,50,0%,-100%,Unknown,,,
smart green solar reviews,INR,50,∞,0%,Low,0,,
solar panel brands,INR,500,0%,0%,Low,25,1.46,25.15
best solar companies in california 2022,INR,50,0%,-100%,Unknown,,,
top rated solar panel companies,INR,5000,0%,0%,Low,22,6.02,32.47
all energy solar reviews,INR,50,-100%,0%,Unknown,,,
going solar in california,INR,50,-100%,-100%,Unknown,,,
solar power reviews,INR,50,0%,0%,Low,1,,
solar panel financing companies,INR,50,0%,0%,Low,7,,
solar panels service near me,INR,500,0%,0%,Low,20,4.25,38.22
solar group,INR,5000,0%,0%,Low,6,1.66,1.66
solar panel stocks,INR,500,0%,0%,Low,0,,
solar company reviews near me,INR,50,0%,0%,Unknown,,,
consumer reports best solar panels,INR,50,0%,0%,Unknown,,,
best solar roof,INR,50,0%,∞,Low,17,,
best solar for home,INR,50,-90%,0%,High,74,5.83,20.39
best us solar companies,INR,50,0%,0%,Medium,61,124.87,651.84
best solar loan rates,INR,50,0%,-100%,Unknown,,,
solar panels southern california,INR,50,∞,∞,Low,6,,
solar financing calculator,INR,50,0%,0%,Low,0,,
solar system loans,INR,500,0%,0%,Low,4,9.64,30.40
on point solar,INR,50,-100%,-100%,Unknown,,,
solar panel company reviews,INR,50,0%,0%,Low,4,,
solar panels cleaning near me,INR,50,0%,0%,Low,8,0.94,84.91
solar system suppliers,INR,50,0%,0%,Low,21,12.48,109.06
solar companies to invest in,INR,50,0%,0%,Low,3,,
sun power panels,INR,50,0%,0%,Low,5,,
solar energy companies california,INR,50,0%,0%,Low,19,,
go solar power reviews,INR,50,0%,0%,Unknown,,,
tata power solar noida,INR,50,0%,0%,Low,0,,
solar equipment supplier,INR,50,900%,900%,Low,14,3.65,20.81
solar light company,INR,50,0%,900%,Low,27,5.73,56.61
residential solar financing,INR,50,0%,0%,Low,0,,
reviews on solar panels,INR,50,0%,0%,Low,27,4.99,15.09
solar city reviews,INR,50,-100%,0%,Unknown,,,
us solar panel manufacturers,INR,500,0%,0%,Medium,37,124.04,416.24
solar software companies,INR,50,0%,0%,Low,20,10.82,317.18
solar panel manufacturers in india,INR,5000,0%,0%,Low,14,7.02,24.34
solar system service,INR,50,0%,0%,Low,13,4.44,34.73
clean solar panels near me,INR,50,0%,-100%,Unknown,,,
best solar power,INR,50,0%,0%,High,67,,
solar panels loan,INR,500,0%,0%,Low,4,5.00,27.59
best solar energy stocks,INR,500,0%,0%,Low,1,4.99,69.19
solar energy stocks list,INR,500,-90%,0%,Low,0,,
consumers energy solar program,INR,50,-100%,0%,Unknown,,,
best solar roof companies,INR,50,0%,0%,Medium,43,,
solar panel cleaning company,INR,500,0%,0%,Low,12,1.08,52.45
solar distributors near me,INR,500,0%,0%,Low,17,3.68,20.51
solar power companies california,INR,500,0%,0%,Low,11,144.02,416.24
smart solar savings reviews,INR,50,-100%,-100%,Unknown,,,
best solar powered generators,INR,50,0%,0%,High,80,1.24,17.48
solar battery storage companies,INR,50,0%,0%,Low,0,,
solar business opportunities,INR,50,0%,0%,Low,30,3.21,23.31
solar ppa companies,INR,50,0%,0%,Low,20,,
sun power stock,INR,50,0%,0%,Low,0,,
solar panel contractor,INR,50,0%,0%,Low,12,5.03,45.75
solar system dealers near me,INR,500,0%,0%,Low,21,3.96,25.07
battery solar solutions,INR,50,-100%,-100%,Unknown,,,
sun power battery,INR,500,0%,900%,Low,3,,
sun solar solutions reviews,INR,50,-100%,-100%,Unknown,,,
green solutions solar,INR,50,0%,0%,Low,14,,
solar nation reviews,INR,50,0%,∞,Low,0,,
best solar panel system,INR,50,0%,0%,Low,14,,
go solar reviews,INR,50,0%,0%,Low,0,,
solar and battery storage,INR,500,0%,0%,Medium,47,4.99,20.81
solar installer jobs near me,INR,50,0%,0%,Low,31,1.66,6.23
solar panel companies in california,INR,500,0%,0%,Low,11,144.02,416.24
solar power suppliers near me,INR,50,0%,0%,Medium,45,5.38,47.98
solar panel factory,INR,500,0%,0%,Low,13,5.73,17.12
sun power com,INR,50,0%,0%,Medium,43,,
top solar installers,INR,50,0%,0%,Low,0,,
off grid solar companies,INR,50,0%,0%,Medium,39,,
solar manufacturing companies,INR,500,0%,0%,Low,13,8.91,57.44
us solar reviews,INR,50,-100%,0%,Unknown,,,
go power solar panels,INR,50,∞,0%,Low,0,,
sun solar company reviews,INR,50,0%,0%,Low,0,,
solar engineering companies,INR,50,0%,0%,Low,2,,
solar installer reviews,INR,50,0%,0%,Unknown,,,
california solar installers,INR,50,0%,-90%,Low,19,136.53,401.26
best solar roof panels,INR,50,∞,0%,Low,33,4.58,42.94
best solar panel companies in california,INR,50,0%,0%,Unknown,,,
solar battery companies,INR,50,0%,0%,Low,9,4.16,29.55
list of solar companies in california,INR,50,0%,0%,High,71,106.56,238.09
best solar financing,INR,50,∞,∞,Low,0,,
solar retailers near me,INR,50,0%,0%,Low,4,,
southern solar reviews,INR,50,0%,-100%,Unknown,,,
top solar panel manufacturers,INR,50,0%,-90%,Low,5,11.58,32.35
solar power system installers near me,INR,50,0%,0%,Medium,35,26.25,101.34
roofing and solar contractors,INR,50,∞,0%,Low,0,,
sun power solar system,INR,50,0%,0%,Low,12,2.97,10.62
best solar companies 2022,INR,50,-100%,-100%,Unknown,,,
sun power solar price,INR,50,0%,0%,Low,14,,
best solar lighting company,INR,50,0%,-100%,Unknown,,,
custom solar,INR,50,0%,0%,Low,0,,
selling solar panels jobs,INR,50,0%,0%,Unknown,,,
top solar contractors 2022,INR,50,0%,-100%,Unknown,,,
sun solar energy,INR,500,0%,0%,Low,0,,
tata power electronic city,INR,500,0%,0%,Low,0,,
solar energy solutions reviews,INR,50,0%,-100%,Unknown,,,
solar battery suppliers near me,INR,50,0%,0%,Low,29,,
largest power company in india,INR,50,0%,0%,Low,0,,
my sun power,INR,50,-100%,-100%,Unknown,,,
tata power solar systems limited contact details,INR,500,-90%,0%,Low,14,9.23,56.48
solar pv suppliers,INR,50,-90%,-90%,Low,6,6.71,54.92
electrician solar installer,INR,50,0%,∞,Low,4,,
my solar power reviews,INR,50,0%,0%,Unknown,,,
good solar panel brands,INR,50,0%,0%,Low,22,3.90,19.49
investing in solar energy stocks,INR,50,0%,0%,Low,17,,
solar world panels,INR,50,0%,0%,Low,14,,
best solar panels with battery storage,INR,50,-100%,-100%,Unknown,,,
best solar battery brands,INR,50,0%,0%,High,88,,
solar panel distributor near me,INR,500,0%,0%,Low,28,4.18,23.31
solar quotes best solar panels,INR,50,0%,-100%,Unknown,,,
best solar lights consumer reports,INR,50,0%,∞,High,100,,
best solar reviews,INR,50,-100%,-100%,Unknown,,,
solar panel vendors,INR,50,0%,0%,Low,27,6.52,40.67
tata power near me,INR,500,0%,0%,Low,0,,
ups solar reviews,INR,50,-100%,-100%,Unknown,,,
solar panels on manufactured homes,INR,50,-100%,0%,Unknown,,,
best commercial solar panels,INR,50,0%,0%,Low,2,,
top solar financing companies,INR,50,-100%,0%,Unknown,,,
pv panel installers near me,INR,50,∞,∞,Low,0,,
future energy solar,INR,500,0%,0%,Low,14,9.99,35.80
best solar stocks 2022,INR,50,0%,-100%,Unknown,,,
solar energy stocks to buy,INR,50,0%,0%,Low,2,,
best solar panel manufacturers,INR,50,0%,0%,Low,27,8.03,19.71
solar battery manufacturers,INR,50,900%,900%,Low,9,12.85,31.63
gov grant for solar panels,INR,50,0%,0%,Low,3,,
clean solar reviews,INR,50,0%,-100%,Unknown,,,
top solar panel brands,INR,50,0%,900%,Low,26,4.21,16.65
sun energy solar reviews,INR,50,∞,0%,Low,0,,
go green solar panels,INR,50,0%,0%,Low,16,4.12,26.93
best solar power system for home,INR,500,0%,0%,High,73,5.02,22.46
smart solar energy reviews,INR,50,∞,0%,Low,7,,
sun power systems,INR,50,900%,0%,Low,0,,
solar panel cleaning business,INR,50,0%,0%,Low,2,,
epc solar,INR,500,0%,0%,Low,2,,
power home solar phone number,INR,50,∞,∞,Low,0,,
adani solar panel price,INR,5000,0%,0%,Low,23,2.70,14.51
best solar battery for home,INR,50,0%,0%,Low,33,,
commercial solar solutions,INR,50,0%,0%,Low,29,,
solar heating systems,INR,500,0%,0%,Low,6,1.19,19.15
custom solar panels,INR,50,0%,0%,Medium,46,8.00,22.48
solar panel installation contractors,INR,50,0%,0%,Low,31,4.46,19.15
top solar contractors,INR,50,0%,∞,Low,2,,
approved solar retailer,INR,50,0%,0%,Low,0,,
smart home savings solar reviews,INR,50,0%,0%,Unknown,,,
united energy solar,INR,50,0%,∞,Low,12,14.72,24.14
solar panel manufacturers near me,INR,50,900%,900%,Low,12,7.11,19.98
solar marketing companies,INR,50,0%,0%,Low,0,,
approved solar panel installers,INR,50,0%,0%,Low,32,8.03,34.19
largest us solar companies,INR,50,0%,0%,Medium,47,124.87,278.05
solar panel companies stock,INR,50,0%,0%,Low,0,,
california solar power,INR,50,0%,0%,Medium,56,175.65,416.24
smart solar reviews,INR,50,0%,-100%,Unknown,,,
national solar installers,INR,50,-100%,-100%,Unknown,,,
solar cleaning company,INR,500,0%,0%,Low,14,7.43,94.33
best solar energy,INR,5000,0%,0%,Medium,62,4.28,15.82
top commercial solar companies,INR,50,0%,0%,Medium,38,,
solar marketing ideas,INR,50,0%,0%,Low,7,10.06,292.20
big solar panels,INR,500,0%,0%,High,93,1.04,16.98
best solar panel system for home,INR,50,0%,0%,Medium,51,5.01,34.35
top solar installation companies,INR,500,0%,900%,Low,11,6.73,58.27
smart solar website,INR,50,0%,0%,Low,0,,
solar pv companies,INR,50,0%,-90%,Low,6,5.83,47.45
pvt solar panels,INR,50,0%,0%,Low,21,8.94,19.15
green solar reviews,INR,50,0%,0%,Low,0,,
solar manufacturers,INR,500,0%,0%,Low,11,6.62,20.71
best solar websites,INR,50,0%,0%,Low,2,,
go green solar reviews,INR,50,0%,0%,Low,5,,
solar solutions reviews,INR,50,∞,0%,Low,5,,
go sun solar,INR,50,0%,0%,Low,0,,
solar energy companies stock,INR,50,900%,900%,Low,0,,
power purchase agreement california,INR,50,0%,0%,Unknown,,,
future solar company,INR,50,0%,0%,Low,3,,
solar stocks to invest in,INR,50,0%,0%,Low,2,,
pick my solar,INR,50,0%,0%,Low,0,,
customer reviews on solar panels,INR,50,0%,0%,Low,11,,
solar panels dubai,INR,50,-90%,0%,Low,16,28.33,108.22
green solar lights,INR,50,0%,0%,High,81,,
best solar franchise,INR,50,0%,0%,Low,0,,
best solar panels for home 2022,INR,50,0%,-100%,Unknown,,,
solar panel manufacturing companies,INR,500,0%,900%,Low,10,8.05,24.05
best solar power system,INR,50,0%,0%,Low,25,5.02,17.48
we solar,INR,50,0%,0%,Low,12,,
best solar panels to buy for home,INR,50,0%,0%,Medium,50,,
tata power solar price,INR,5000,0%,0%,Low,19,6.00,37.46
sun power login,INR,50,0%,0%,Low,0,,
solar panel installer jobs near me,INR,50,0%,0%,Low,33,1.66,8.87
energy saving solar panels,INR,50,0%,0%,Medium,39,,
best solar panels for commercial use,INR,50,0%,0%,Low,32,7.01,24.14
sun power solar panel price,INR,50,900%,900%,Medium,42,1.81,14.57
epc solar companies,INR,50,0%,0%,Low,17,7.04,57.44
solar equipment distributors,INR,50,900%,900%,Low,14,3.65,20.81
solar panel producers,INR,5000,0%,0%,Low,14,8.09,26.28
best solar panels on market,INR,50,-100%,-100%,Unknown,,,
s energy solar panels,INR,50,∞,0%,Low,14,,
solar works energy reviews,INR,50,0%,0%,Low,0,,
solar cleaning service near me,INR,50,0%,0%,Low,6,,
us solar installation,INR,50,0%,∞,Medium,43,,
best solar setup for home,INR,50,0%,0%,High,86,5.01,16.01
off grid solar solutions,INR,50,0%,0%,Low,9,,
best solar solutions,INR,50,0%,0%,Low,2,,
residential solar solutions,INR,50,0%,0%,Low,3,,
solar system manufacturers,INR,50,0%,0%,Low,26,8.16,28.75
sun power energy,INR,5000,0%,0%,Low,1,4.29,47.82
smart power solar,INR,50,0%,0%,Medium,40,,
best solar brands,INR,50,0%,0%,Low,10,,
tata solar panel price list 2022,INR,500,0%,-99%,Low,10,,
solar business ideas,INR,500,0%,0%,Low,23,2.69,27.47
rooftop solar companies,INR,500,0%,0%,Low,15,6.36,58.27
approved solar installers,INR,50,0%,0%,Low,5,,
solar company for sale,INR,50,0%,0%,Low,29,1.11,157.92
green solar company,INR,50,0%,0%,Low,0,,
pvt panels,INR,50,0%,0%,Low,3,,
solar light manufacturer,INR,500,0%,0%,Low,33,7.26,66.60
best solar sales company to work for,INR,50,∞,0%,Low,14,,
solar powered ev charging station companies,INR,50,0%,0%,Low,13,,
best solar power panels,INR,5000,0%,0%,Medium,62,4.28,15.82
solar light supplier,INR,500,0%,0%,Low,33,7.26,66.60
solar pv installer near me,INR,50,0%,0%,Low,19,,
solar project finance companies,INR,50,0%,0%,Low,10,,
biggest solar company in us,INR,50,0%,0%,Medium,47,124.87,278.05
best solar panels review,INR,50,0%,0%,Low,9,,
solar company jobs,INR,500,0%,0%,Low,23,1.15,5.83
government approved solar companies,INR,50,0%,0%,Low,28,5.38,15.82
sun tech solar,INR,500,0%,0%,Low,3,7.51,29.26
smart solar company,INR,50,0%,0%,Low,0,,
solar industry news,INR,500,0%,0%,Low,1,,
install solar ltd,INR,50,0%,∞,Low,0,,
solar panel cleaning supplies,INR,50,0%,0%,High,100,,
solar exchange,INR,50,0%,0%,Low,7,,
solar solutions company,INR,50,0%,0%,Low,25,6.95,74.92
solar panel agency,INR,500,0%,0%,Low,32,4.37,23.33
energy solutions solar,INR,50,0%,0%,Low,17,12.56,33.30
solar industry jobs,INR,500,0%,0%,Low,15,1.40,8.26
top 10 solar panel company in world,INR,50,900%,900%,Low,8,10.57,49.61
solar energy farm,INR,50,0%,0%,Low,6,1.73,15.82
solar power technology,INR,500,0%,0%,Low,13,5.83,15.98
solar energy installation companies,INR,50,0%,0%,Medium,49,14.01,85.63
solar panel companies to invest in,INR,50,∞,0%,Low,0,,
best solar panel cleaning equipment,INR,50,0%,0%,Medium,55,,
solar power solutions for home,INR,500,0%,0%,Medium,57,5.06,23.91
solar company profile,INR,50,900%,900%,Low,12,9.99,166.50
sun electric solar,INR,50,-100%,-100%,Unknown,,,
solar cleaning services near me,INR,50,0%,0%,Low,21,1.01,61.60
solar installation group,INR,50,0%,0%,Low,0,,
solar panel companies in india,INR,5000,0%,0%,Low,14,7.02,24.34
solar energy business plan,INR,500,0%,0%,Low,16,5.52,59.94
solar energy companies to invest in,INR,50,0%,0%,Low,0,,
renewable energy solar panels,INR,50,0%,0%,Low,5,9.40,30.80
start solar reviews,INR,50,-100%,-100%,Unknown,,,
tata solar price,INR,5000,0%,0%,Low,19,6.00,37.46
united solar electric,INR,50,∞,0%,Low,0,,
tata solar rooftop price,INR,500,0%,0%,Low,26,6.74,64.94
top solar companies in india,INR,5000,0%,0%,Low,5,8.41,35.80
solar power stock,INR,500,0%,0%,Low,1,,
us solar manufacturers,INR,50,0%,0%,Low,14,128.20,416.24
best tariff for solar panels,INR,50,0%,0%,Unknown,,,
solar power companies stock,INR,500,0%,0%,Low,1,,
solar system dealers,INR,500,0%,0%,Low,23,3.71,20.83
floating solar companies,INR,50,0%,0%,Low,20,,
solar power manufacturers,INR,50,0%,0%,Low,13,7.64,24.97
new solar companies,INR,50,0%,0%,Low,13,14.98,66.60
power energy solar,INR,500,0%,0%,Low,4,6.29,55.78
solar best,INR,50,0%,0%,Low,18,,
pv companies,INR,50,-90%,0%,Low,1,,
sell solar energy to grid,INR,50,0%,0%,Low,14,6.82,19.98
pv energy,INR,500,0%,0%,Low,1,6.66,50.78
source energy solar,INR,500,0%,0%,Low,3,16.00,58.27
best solar pv panels,INR,5000,0%,0%,Medium,62,4.28,15.82
smart solar system,INR,50,0%,0%,Low,9,6.25,17.89
utility scale solar developers,INR,50,∞,0%,Low,0,,
solar distribution companies,INR,500,0%,0%,Low,18,3.75,39.13
solar power world top contractors,INR,50,-100%,0%,Unknown,,,
top 10 solar companies in dubai,INR,50,0%,0%,Low,15,15.94,37.01
2022 top solar contractors,INR,50,0%,∞,Low,0,,
big solar battery,INR,50,0%,0%,High,92,1.04,24.02
best solar manufacturers,INR,50,0%,0%,Low,11,,
solar manufacturing company in india,INR,500,0%,900%,Low,10,7.85,26.96
solar equipment suppliers near me,INR,50,0%,0%,Low,19,4.37,20.30
apply for solar rooftop,INR,500,0%,0%,Low,26,5.25,19.15
western power solar application,INR,50,0%,0%,Low,0,,
sun solar energy solutions,INR,50,0%,0%,Low,4,,
solar plant business,INR,500,0%,0%,Low,26,3.62,18.10
good energy solar panels,INR,50,-100%,0%,Unknown,,,
no cost solar program reviews,INR,0,0%,0%,Unknown,,,
smart energy solar reviews,INR,50,0%,∞,Low,0,,
solar panel installation jobs near me,INR,50,0%,0%,Low,33,1.66,8.87
solar invest in,INR,500,0%,∞,Low,9,5.24,34.12
solar energy companies in india,INR,5000,0%,0%,Low,9,7.20,32.68
sun solar panel price,INR,50,0%,0%,High,87,0.99,14.57
best roofing for solar panels,INR,50,0%,0%,Low,7,,
tata power solar systems,INR,5000,0%,0%,Low,19,6.17,30.90
pvt solar,INR,50,0%,0%,Low,1,,
solar panel sales jobs near me,INR,50,∞,0%,Low,29,,
best solar products,INR,50,0%,0%,High,67,0.97,16.17
solar storage companies,INR,50,0%,0%,Low,21,,
best solar stocks to buy,INR,50,0%,0%,Low,0,,
photovoltaic companies,INR,50,0%,0%,Low,0,,
solar energy business ideas,INR,500,0%,0%,Low,23,2.69,27.47
solar panel manufacturing equipment for sale,INR,50,0%,0%,Medium,43,10.69,28.19
solar panel equipment suppliers,INR,50,0%,0%,Low,21,8.20,27.38
sun power solutions,INR,50,-90%,-90%,Low,3,14.98,166.50
top solar energy stocks,INR,50,0%,0%,Low,0,,
solar panel cleaning service price,INR,50,0%,∞,Low,11,,
california solar energy,INR,50,0%,0%,Medium,56,175.65,416.24
solar panel factory cost,INR,500,0%,0%,Medium,35,10.31,32.07
tata power solar dealership,INR,500,0%,-90%,Low,16,5.03,17.70
solar panel on installment,INR,50,0%,0%,Medium,65,6.76,16.60
solar tech companies,INR,50,0%,0%,Low,8,13.54,66.60
solar loan banks,INR,50,0%,0%,Low,3,,
solar panel manufacturing plant,INR,500,0%,0%,Low,21,8.43,22.48
sell solar power to grid,INR,50,0%,0%,Low,14,6.82,19.98
start solar panel business,INR,50,0%,0%,Low,28,3.98,16.44
solar bill review,INR,50,0%,0%,Low,0,,
space based solar power companies,INR,50,0%,0%,Low,10,,
solar energy management system,INR,50,0%,0%,Low,7,,
smart energy solar panels,INR,50,0%,-100%,Unknown,,,
solar power world top contractors 2022,INR,50,0%,0%,Low,0,,
best solar technology,INR,50,0%,0%,Low,24,,
big solar,INR,50,0%,0%,Low,15,,
solar generator brands,INR,50,0%,-100%,Unknown,,,
tata power solar systems ltd,INR,50000,0%,0%,Low,15,6.03,68.79
solar cell manufacturers,INR,500,0%,0%,Low,9,8.32,21.32
smart solar technologies,INR,50,0%,0%,Low,7,,
tata solar dealer near me,INR,500,0%,0%,Low,8,10.04,74.39
united renewable energy solar panels,INR,50,0%,0%,Unknown,,,
green solar energy reviews,INR,50,∞,0%,Low,0,,
national solar service,INR,50,0%,0%,Low,0,,
applied solar energy,INR,500,-90%,-90%,Low,0,,
solar manufacturers near me,INR,50,-90%,0%,Low,21,6.00,28.30
solar tech elec,INR,50,0%,0%,Low,0,,
pv generation ltd,INR,50,∞,∞,Low,0,,
solar panel care,INR,50,0%,0%,Low,1,,
latest research in solar energy,INR,50,0%,0%,Low,30,11.43,44.95
tata solar dealership enquiry,INR,500,0%,0%,Low,14,5.90,42.21
solar invest app,INR,5000,0%,900%,Low,5,13.55,44.18
smart roof solar,INR,50,0%,-90%,Low,2,,
solar on installment,INR,50,0%,0%,Low,21,,
solar panel suppliers in dubai,INR,50,0%,0%,Medium,57,,
solar power stocks to buy,INR,500,0%,0%,Low,0,,
solar company profile pdf,INR,50,0%,0%,Low,4,,
private solar farm,INR,50,0%,0%,Low,0,,
solar system distributor,INR,500,0%,0%,Low,29,4.30,20.27
custom solar power,INR,50,0%,0%,Low,0,,
largest solar panel manufacturers,INR,50,-90%,0%,Low,2,,
solar cell manufacturers in india,INR,500,900%,900%,Low,14,8.32,27.69
cleaning solar panel,INR,500,0%,0%,High,75,1.08,22.91
alternative energy solar,INR,50,∞,0%,Low,0,,
biggest solar panel manufacturers,INR,50,-90%,0%,Low,2,,
best solar panel stocks,INR,50,0%,0%,Low,0,,
solar energy equipment supplier near me,INR,50,0%,0%,Low,7,,
green energy solar solutions,INR,50,0%,0%,Low,7,5.27,46.27
tata solar system,INR,5000,0%,0%,Low,19,6.17,30.90
solar city com,INR,50,-100%,0%,Unknown,,,
pv panel suppliers,INR,5000,0%,0%,Low,14,8.09,26.28
solar power companies in india,INR,5000,0%,0%,Low,9,7.20,32.68
solar energy corporation of india,INR,5000,0%,0%,Low,0,9.79,166.50
solar cell companies,INR,50,0%,0%,Low,2,,
solar world panels price,INR,50,0%,0%,Medium,52,,
sun power app,INR,50,0%,0%,Low,0,,
clean solar energy,INR,50,0%,0%,Low,3,,
solar installation companies in dubai,INR,50,-100%,-100%,Unknown,,,
largest solar energy companies,INR,50,0%,0%,Low,13,17.08,65.77
solar panel agency near me,INR,50,900%,900%,Low,20,4.22,19.98
solar energy manufacturers,INR,500,0%,0%,Low,17,8.63,23.07
solar energy stock price,INR,5000,0%,0%,Low,1,18.73,82.10
solar system installation at home,INR,500,0%,0%,Medium,44,5.34,24.12
best solar power stocks,INR,500,0%,900%,Low,1,,
top solar panel manufacturers in india,INR,500,0%,-90%,Low,8,8.36,27.46
solar payments,INR,50,0%,0%,Low,0,,
switch energy solar panels,INR,,--,--,Unknown,,,
clean power solar,INR,50,-100%,-100%,Unknown,,,
on point solar reviews,INR,50,∞,∞,Low,14,,
my sun power app,INR,50,0%,0%,Unknown,,,
panel manufacturer,INR,500,0%,0%,Low,10,7.98,39.13
best solar powered address light,INR,0,0%,0%,Unknown,,,
best solar light brand,INR,50,0%,0%,High,95,0.83,9.99
new solar tech,INR,500,0%,0%,Low,22,6.66,25.15
top solar farm companies,INR,50,∞,∞,Low,14,,
solar panel stock price,INR,500,900%,900%,Low,1,10.57,57.19
solar company contact number,INR,50,0%,0%,Low,0,,
tata power solar company details,INR,500,0%,0%,Low,7,7.49,27.56
for energy solar,INR,50,0%,-100%,Unknown,,,
biggest solar energy companies,INR,50,0%,0%,Low,13,17.08,65.77
biggest solar panels,INR,500,0%,900%,Medium,35,1.01,9.85
renew solar solutions,INR,50,0%,0%,Low,2,,
sun energy solutions,INR,50,0%,0%,Low,3,,
top solar companies stocks,INR,50,0%,0%,Low,1,,
solar project developer,INR,50,0%,0%,Low,4,,
solar photovoltaic installers jobs,INR,50,0%,0%,Unknown,,,
solar square company,INR,500,0%,0%,Low,27,6.54,298.46
solar city roof,INR,50,∞,∞,Low,0,,
tata power solar rooftop,INR,500,-90%,0%,Low,28,5.87,40.57
pvt solar panels price,INR,50,0%,0%,Medium,36,,
invest in solar power,INR,5000,0%,0%,Low,5,9.68,46.76
solar manufacturers in india,INR,500,0%,0%,Low,8,7.56,23.95
top 10 solar panel manufacturers in india,INR,500,0%,0%,Low,8,7.34,25.26
new solar power technology,INR,500,0%,0%,Low,22,6.66,25.15
solar home system companies,INR,50,0%,0%,Low,24,,
solar factory near me,INR,50,0%,0%,Low,10,4.75,16.77
2022 best solar panels,INR,50,0%,-100%,Unknown,,,
solar business in india,INR,500,0%,0%,Low,25,3.50,21.31
solar equipment manufacturers,INR,50,900%,900%,Low,14,3.65,20.81
green solar panel company,INR,50,0%,0%,Low,6,,
california solar farm,INR,50,0%,0%,Low,0,,
green sun solar reviews,INR,50,-100%,-100%,Unknown,,,
energy solar solutions,INR,50,∞,0%,Low,11,,
us solar stocks,INR,50,0%,0%,Low,1,,
solar agency near me,INR,500,0%,0%,Low,16,4.30,37.17
leading solar panel manufacturers,INR,50,-90%,0%,Low,2,,
we install solar,INR,50,0%,-100%,Unknown,,,
best solar panels in india with price,INR,500,0%,0%,High,67,2.70,18.05
solar light suppliers near me,INR,50,0%,0%,Low,29,3.90,30.87
top solar manufacturers,INR,50,0%,0%,Low,0,,
solar panel factory near me,INR,50,0%,0%,Low,18,4.76,15.73
solar power installation at home,INR,500,0%,0%,High,92,5.03,22.27
united solar group,INR,50,0%,0%,Low,4,,
solar system manufacturers in india,INR,500,0%,0%,Low,16,7.94,39.98
best solar system for home in india,INR,500,0%,0%,Medium,59,5.39,21.54
best solar panel company in india for home,INR,500,0%,900%,Low,27,6.66,28.01
solar manufacturing plant,INR,50,0%,0%,Low,19,7.98,19.25
solar panel manufacturing company in india,INR,5000,0%,0%,Low,14,7.02,24.34
top 10 solar panel manufacturers,INR,50,0%,0%,Low,3,,
tata solar panel price uttar pradesh,INR,500,-90%,-90%,Medium,42,2.90,20.58
top solar companies in world,INR,500,0%,0%,Low,7,15.91,64.93
solar module manufacturers,INR,5000,0%,0%,Low,14,8.09,26.28
solar energy marketing,INR,50,-100%,-100%,Unknown,,,
solar energy management system project,INR,50,0%,0%,Low,7,13.32,64.10
sustainable energy solar,INR,50,900%,0%,Low,14,10.31,39.13
solar top 10 company,INR,500,0%,0%,Low,4,6.00,53.28
green solar price,INR,50,0%,0%,Medium,46,0.98,8.18
solar company name generator,INR,50,0%,0%,Low,20,2.50,48.28
solar pv manufacturers,INR,50,-90%,-90%,Low,6,6.71,54.92
solar reviews solar energy world,INR,50,0%,0%,Unknown,,,
solar energy solar panels,INR,500,0%,0%,Low,18,4.21,37.24
solar epc contractors,INR,500,900%,0%,Low,2,,
top 10 solar companies in india,INR,5000,0%,0%,Low,3,6.08,37.11
marketing plan for solar energy company,INR,50,0%,0%,Low,0,,
best solar company stocks,INR,50,0%,0%,Low,2,,
solar power world online,INR,50,0%,0%,Low,0,,
tata solar panel price lucknow,INR,500,0%,0%,Medium,38,4.99,16.80
western power solar,INR,50,0%,∞,Low,0,,
solar system company in india,INR,500,0%,0%,Low,21,6.02,25.86
solar pump manufacturers in india,INR,500,0%,0%,Low,29,7.49,28.91
uses of solar energy at home,INR,500,-90%,-90%,Low,4,5.50,29.79
biggest solar power companies,INR,50,0%,0%,Low,8,11.51,93.24
tata solar dealership cost,INR,500,0%,0%,Low,17,5.78,26.83
solar companies sc,INR,0,0%,0%,Unknown,,,
solar panel business ideas,INR,50,900%,900%,Low,18,4.13,15.82
renewable energy solar energy,INR,5000,0%,0%,Low,3,13.30,54.94
solar power business plan,INR,500,0%,0%,Low,23,3.70,17.48
top 10 solar companies in bangalore,INR,500,0%,900%,Low,14,10.37,72.46
custom solar solutions,INR,50,0%,0%,Low,10,,
solar india,INR,500,-90%,-90%,Low,4,3.52,21.80
city energy solar panels,INR,,--,--,Unknown,,,
solar company jobs near me,INR,50,0%,0%,Low,26,1.11,7.75
solar power shares,INR,500,0%,0%,Low,1,,
best solar pump,INR,50,0%,0%,Low,14,1.13,13.89
solar battery manufacturers in india,INR,500,0%,0%,Low,12,9.05,35.44
best solar app,INR,50,0%,0%,Low,1,,
solar epc companies near me,INR,500,0%,900%,Low,8,17.03,79.92
panel company near me,INR,50,0%,900%,Low,3,2.00,35.96
solar solutions ltd,INR,50,0%,0%,Low,0,,
best solar panels for farm,INR,50,0%,0%,Medium,56,3.65,24.53
my solar solutions,INR,50,0%,0%,Medium,57,,
solar panel company names,INR,50,0%,900%,Low,3,4.22,85.12
solar panel manufacturers in india listed,INR,500,0%,0%,Low,6,8.82,59.87
tata solar franchise,INR,500,0%,0%,Low,24,4.87,15.97
tata rooftop solar,INR,500,0%,0%,Low,33,3.68,43.44
solar power corporation,INR,50,0%,0%,Low,2,,
best solar panels available in india,INR,500,0%,0%,Medium,49,4.13,16.42
icon energy solar reviews,INR,50,0%,∞,Low,0,,
solar power engineering,INR,50,0%,0%,Low,7,,
report on solar energy,INR,500,0%,0%,Low,5,13.67,193.97
solar cleaning solutions,INR,50,0%,0%,Medium,49,,
solar tech solutions,INR,50,0%,0%,Low,3,,
solar energy store ltd,INR,50,-100%,0%,Unknown,,,
sun power solar stock,INR,50,0%,0%,Low,0,,
solar panel business in india,INR,500,0%,0%,Low,23,3.25,12.92
solar power plant company,INR,500,0%,0%,Low,22,5.95,52.45
sun solar login,INR,50,0%,0%,Low,0,,
icon energy solar,INR,50,0%,0%,Low,7,6.07,14.97
store solar energy at home,INR,50,0%,0%,Low,14,,
panel manufacturing company,INR,500,0%,0%,Low,12,8.75,24.14
top solar companies in india 2022,INR,50,0%,0%,Low,0,,
tata solar dealership,INR,500,0%,-90%,Low,16,5.03,17.70
solar companies in hyderabad,INR,500,0%,0%,Low,10,4.35,20.81
solar panel business plan pdf,INR,50,0%,0%,Low,23,6.99,213.12
solar power data,INR,50,0%,0%,Low,0,,
ltd solar lights,INR,50,0%,0%,Unknown,,,
tata power solar recruitment 2022,INR,50,0%,-90%,Low,21,,
best solar panel price,INR,50,0%,900%,High,99,1.25,11.99
solar panel suppliers in india,INR,5000,0%,0%,Low,14,7.02,24.34
renewable energy solar power,INR,50,0%,0%,Low,13,12.49,38.29
solar pv tech,INR,50,0%,0%,Low,0,,
tata power solar franchise,INR,500,0%,0%,Low,24,4.87,15.97
solar way suppliers,INR,50,0%,0%,Unknown,,,
solar panel manufacturers in bangalore,INR,500,0%,0%,Low,16,6.18,22.23
best solar cell,INR,50,0%,0%,Low,13,,
national solar energy group,INR,50,0%,0%,Low,18,12.84,124.74
solar and energy loan fund,INR,50,0%,0%,Low,0,,
india best solar panel company,INR,50,0%,0%,Low,19,5.94,22.91
solar service bangalore,INR,500,0%,0%,Low,17,25.26,89.57
business plan for solar energy company pdf,INR,50,0%,∞,Low,8,,
solar installation group reviews,INR,50,0%,-100%,Unknown,,,
best solar panels in india for home,INR,500,0%,900%,Medium,47,4.07,19.04
save california solar,INR,50,0%,0%,Unknown,,,
solar company in jaipur,INR,500,0%,0%,Low,16,2.77,16.65
install solar ltd reviews,INR,50,∞,∞,Low,0,,
sun pays solar panels,INR,50,∞,0%,Low,14,,
largest solar panel companies,INR,50,-90%,0%,Low,2,,
tata solar rooftop,INR,500,-90%,0%,Low,28,5.87,40.57
solar plant installation company,INR,50,0%,0%,Medium,44,8.70,58.27
tata power solar franchise cost,INR,500,0%,0%,Low,17,5.35,19.03
solar cell manufacturing companies,INR,50,0%,0%,Low,18,12.88,39.13
solar panel bank loan,INR,50,0%,0%,Low,2,,
tata solar panel 100 watt price,INR,500,0%,0%,Medium,43,0.96,9.73
solar power plant business plan pdf,INR,50,0%,0%,Low,12,,
california solar bill,INR,50,0%,0%,Unknown,,,
tata solar panel price kolkata,INR,500,0%,0%,Medium,38,1.05,10.43
tata solar panel dealership cost,INR,500,0%,-90%,Low,20,5.39,24.44
solar energy ltd,INR,50,0%,0%,Low,3,,
tata solar panel price ahmedabad,INR,500,0%,900%,Low,17,4.59,16.80
solar tech systems,INR,50,0%,0%,Low,2,,
tata solar franchise cost,INR,500,0%,0%,Low,15,4.43,13.97
top 10 solar companies in hyderabad,INR,500,0%,900%,Low,16,4.18,17.48
best solar panels in world,INR,50,0%,0%,Low,10,6.66,25.84
solar panel installation in mumbai,INR,50,0%,0%,Low,26,4.18,21.74
best solar franchise in india,INR,50,0%,0%,Medium,41,4.68,13.63
tata power solar rooftop price,INR,50,0%,900%,Low,26,5.00,17.74
power production management,INR,50,0%,0%,Low,0,,
solar installer pay,INR,50,0%,0%,Low,2,,
custom solar system,INR,50,0%,0%,Low,0,,
tata solar plant,INR,500,0%,0%,Low,11,6.63,19.92
tata power rooftop solar,INR,500,-90%,0%,Low,30,7.00,45.91
rooftop solar companies in india,INR,500,0%,0%,Low,16,5.98,19.58
best solar panels in india 2022,INR,500,0%,-90%,Low,9,,
micro solar system,INR,50,0%,0%,Low,3,,
solar company in ahmedabad,INR,500,0%,-90%,Low,11,6.04,16.65
solar module manufacturers in india,INR,5000,0%,0%,Low,14,7.02,24.34
solar products manufacturers in india,INR,50,-90%,-90%,Medium,45,9.16,32.57
solar companies in bangalore,INR,500,0%,900%,Low,7,7.25,43.29
solar power equipment suppliers,INR,50,900%,900%,Low,14,3.65,20.81
top 5 solar companies in india,INR,500,0%,0%,Low,4,7.15,36.63
quotes on solar system,INR,500,0%,0%,Low,3,6.04,23.11
solar company in kolkata,INR,500,0%,0%,Low,12,3.71,18.31
solar system distributor near me,INR,50,900%,900%,Low,24,4.48,23.97
tata solar for home,INR,50,0%,900%,Medium,39,8.73,59.30
solar panel manufacturers in mumbai,INR,500,0%,0%,Low,9,7.03,18.84
solar company name ideas,INR,50,0%,0%,Low,10,1.66,34.96
tata solar panel dealership,INR,500,0%,0%,Low,17,3.68,25.58
solar panel top 10 company,INR,50,900%,900%,Low,11,6.23,58.27
solar panel manufacturers in delhi,INR,500,0%,0%,Low,18,6.62,19.45
tata power solar systems limited,INR,50000,0%,0%,Low,15,6.03,68.79
solar panel manufacturers in chennai,INR,500,0%,0%,Low,15,7.60,21.31
solar invest app download,INR,500,0%,∞,Low,5,7.56,52.40
list of solar panel manufacturers in india 2022,INR,500,0%,900%,Low,4,,
solar panel manufacturing business plan,INR,50,0%,0%,Low,6,5.76,37.46
solar sector stocks,INR,500,0%,900%,Low,0,,
solar cell manufacturing company in india,INR,500,0%,0%,Low,10,8.05,31.30
california renewable energy solar company,INR,50,0%,-100%,Unknown,,,
fit payments solar panels,INR,50,0%,0%,Unknown,,,
solar company in noida,INR,500,0%,0%,Low,16,4.28,17.24
tata solar pump,INR,500,0%,0%,Low,9,1.81,33.18
pv manufacturing,INR,50,900%,900%,Low,3,13.49,21.64
tata power solar panel,INR,5000,0%,0%,Medium,37,1.19,21.30
best states to sell solar,INR,50,0%,0%,Unknown,,,
go green solar power solutions,INR,50,0%,0%,Low,0,,
india solar panel manufacturing,INR,500,0%,0%,Low,11,8.09,16.84
solar epc companies in india,INR,500,0%,0%,Low,9,8.76,54.43
tata power solar panel price,INR,5000,0%,0%,Medium,44,1.36,16.56
sun power stock price,INR,500,0%,0%,Low,0,,
power solar solutions,INR,50,0%,0%,Low,0,,
tata power solar roof,INR,500,0%,0%,Low,20,5.97,87.77
solar plant company in india,INR,500,0%,0%,Low,17,6.93,29.33
solar office near me,INR,50,0%,0%,Low,8,4.21,18.19
solar panel business investment,INR,50,0%,0%,Low,1,,
tata power solar dealership contact number,INR,500,0%,0%,Low,0,,
www sun power com,INR,50,∞,∞,Low,0,,
tata solar power plant,INR,500,0%,0%,Low,11,6.63,19.92
best solar powered products,INR,50,0%,0%,High,67,0.97,16.17
tata solar panel for home price,INR,50,0%,-90%,Medium,41,3.33,42.40
solar panel best company in india,INR,50,900%,0%,Low,20,6.10,25.54
tata solar panel price list,INR,500,0%,0%,Low,15,1.33,24.64
top 5 solar panel company in india,INR,500,0%,0%,Low,8,5.36,30.37
go solar go green,INR,50,0%,0%,Low,0,,
solar stocks 2022,INR,50,-100%,0%,Unknown,,,
solar company in lucknow,INR,500,0%,0%,Low,15,4.37,24.79
solar panel making company in india,INR,500,0%,0%,Low,4,6.25,20.32
on solar energy,INR,50,0%,0%,Low,9,20.81,166.50
solar square energy pvt ltd,INR,500,0%,0%,Low,6,13.84,402.51
solar finance companies in india,INR,500,0%,0%,Low,8,5.19,28.63
top 10 rooftop solar companies in india,INR,500,0%,900%,Low,17,8.98,45.16
sun power services,INR,50,0%,0%,Low,0,,
top 10 solar companies in chennai,INR,50,0%,900%,Low,16,14.24,73.33
solar panel manufacturers in hyderabad,INR,500,0%,0%,Low,15,5.10,21.56
india no 1 solar panel company,INR,500,0%,900%,Low,15,5.59,27.23
solar pv module manufacturers in india,INR,5000,0%,0%,Low,14,7.02,24.34
solar panel brand names,INR,50,0%,0%,Low,6,,
solar companies in chennai,INR,500,-90%,0%,Low,11,5.76,46.66
tata power solar pump,INR,500,0%,0%,Low,10,1.79,13.69
adani solar panels,INR,5000,0%,0%,Low,15,4.79,23.93
solar plant company,INR,500,0%,0%,Low,22,5.95,52.45
top rooftop solar companies in india,INR,50,0%,0%,Low,17,6.23,31.03
tata solar distributor,INR,500,0%,0%,Low,9,5.33,26.33
solar company in nagpur,INR,500,-90%,0%,Low,8,4.48,17.48
reliance solar panel,INR,500,900%,0%,Low,19,6.42,17.48
solar pump company,INR,50,0%,0%,Low,14,4.16,25.08
western solar systems,INR,50,0%,0%,Low,0,,
tata solar dealership application,INR,50,0%,-90%,Low,9,,
solar project company in india,INR,500,-90%,0%,Low,19,7.96,27.71
tata solar near me,INR,500,0%,0%,Low,12,10.01,66.99
tata solar system price,INR,50,900%,900%,Low,22,3.17,22.82
epc solar meaning,INR,50,0%,0%,Low,0,,
solar panel installation in kolkata,INR,50,0%,0%,Medium,44,4.39,18.31
all solar energy solutions,INR,50,0%,0%,Low,0,,
solar companies in mumbai,INR,500,0%,0%,Low,9,4.57,13.43
best states for solar energy,INR,50,0%,0%,Low,0,,
up solar rooftop,INR,500,0%,900%,Low,20,3.51,21.46
about sun power,INR,50,0%,0%,Low,0,,
adani green projects,INR,500,0%,0%,Low,1,,
adani new solar project location,INR,500,0%,0%,Low,1,,
adani panel,INR,500,0%,0%,Low,7,10.00,31.05
adani panel price,INR,50,0%,-90%,Low,11,1.81,18.06
adani rooftop solar,INR,50,900%,900%,Low,23,10.01,35.99
adani solar company,INR,5000,0%,900%,Low,4,10.00,20.81
adani solar contact number,INR,500,0%,0%,Low,0,,
adani solar dealer near me,INR,50,0%,0%,Low,4,2.47,14.88
adani solar dealership,INR,500,0%,0%,Low,6,2.88,30.44
adani solar dealership cost,INR,50,0%,-90%,Low,8,7.97,22.15
adani solar distributor,INR,500,0%,0%,Low,18,8.27,24.26
adani solar franchise,INR,50,0%,-90%,Low,14,6.01,24.14
adani solar manufacturing,INR,50,0%,0%,Low,1,,
adani solar manufacturing plant,INR,50,0%,900%,Low,6,7.08,22.24
adani solar panel dealers in ahmedabad,INR,50,900%,0%,Low,20,2.48,13.97
adani solar panel distributors,INR,500,0%,0%,Low,16,2.47,24.81
adani solar panel manufacturing plant,INR,50,0%,0%,Low,0,,
adani solar panel price ahmedabad,INR,500,0%,0%,Medium,34,2.47,13.40
adani solar panel price in india,INR,50,0%,0%,Low,19,5.35,17.64
adani solar panel price jaipur,INR,50,0%,0%,Low,33,2.70,21.01
adani solar panel review,INR,500,0%,0%,Low,4,7.68,39.29
adani solar power,INR,5000,0%,900%,Low,4,10.00,20.81
adani solar price,INR,500,0%,0%,Low,20,2.71,11.94
adani solar project,INR,50,0%,0%,Low,1,,
adani solar recruitment 2022,INR,50,0%,-90%,Low,7,,
adani solar rooftop,INR,500,0%,900%,Low,28,10.01,37.54
adani solar rooftop price,INR,50,0%,0%,Low,30,5.41,20.51
adani solar system,INR,50,0%,0%,Low,16,2.71,20.02
ahmedabad solar company list,INR,50,900%,900%,Low,9,4.12,15.50
all solar company share price,INR,50,-90%,0%,Low,1,,
applied solar technologies,INR,500,0%,0%,Low,0,,
bank loan for solar power plant in india,INR,50,0%,0%,Low,16,12.56,40.80
bengal sun solar,INR,50,0%,0%,Low,0,,
best rooftop solar company in india,INR,50,900%,900%,Low,22,8.82,39.96
best rooftop solar panels in india,INR,50,0%,0%,Medium,37,5.21,31.86
best solar ac in india,INR,500,0%,900%,High,70,1.04,7.01
best solar company in ahmedabad,INR,50,900%,0%,Low,17,6.35,18.31
best solar company in kolkata,INR,50,0%,0%,Low,10,4.32,17.28
best solar company in lucknow,INR,500,0%,0%,Low,21,5.62,16.76
best solar company in nagpur,INR,50,0%,0%,Low,27,6.98,22.47
best solar company share in india,INR,50,-90%,0%,Low,0,,
best solar energy company in india,INR,50,-90%,0%,Low,11,6.89,29.21
best solar energy stocks in india,INR,5000,0%,900%,Low,0,17.45,63.29
best solar epc company in india,INR,50,0%,-90%,Low,4,,
best solar light for home in india,INR,500,0%,0%,High,100,1.66,35.57
best solar panel brands in india,INR,500,0%,900%,Low,9,4.99,16.71
best solar panel for home in india,INR,500,900%,0%,Low,33,4.30,22.80
best solar panel manufacturers in india,INR,50,900%,900%,Low,14,6.98,25.68
best solar panel manufacturing company in india,INR,50,900%,900%,Low,6,7.89,23.92
best solar power company in india,INR,5000,0%,0%,Low,19,5.55,24.84
best solar rooftop companies in india,INR,50,0%,900%,Medium,34,5.96,37.49
best solar stocks in india,INR,5000,0%,900%,Low,0,38.88,80.66
best solar system in india,INR,50,0%,0%,Low,27,5.02,27.36
big solar plant in india,INR,50,0%,0%,Low,0,,
biggest solar companies in india,INR,500,0%,0%,Low,3,6.48,34.67
biggest solar company in india,INR,500,0%,900%,Low,1,,
biggest solar panel manufacturers in india,INR,50,900%,900%,Low,5,9.05,24.97
biggest solar panel producers,INR,50,-90%,0%,Low,2,,
biggest solar power plant in india,INR,5000,900%,900%,Low,0,35.22,152.96
distributor solar industri,INR,50,∞,∞,Low,0,,
energy solar energy,INR,50000,0%,0%,Low,6,12.49,54.94
epc full form in solar,INR,500,0%,0%,Low,0,,
epc meaning in solar,INR,50,0%,0%,Low,0,,
epc meaning solar,INR,50,∞,0%,Low,0,,
epc solar power,INR,500,0%,0%,Low,2,,
floating solar power plant india,INR,5000,0%,0%,Low,1,8.62,52.19
green solar energy plant,INR,50,0%,0%,Low,4,,
india top 10 solar panel company,INR,50,0%,0%,Low,7,,
india's largest solar power plant is located at,INR,50,0%,0%,Low,0,,
largest producer of solar energy in india,INR,500,0%,0%,Low,0,,
largest solar installer,INR,50,0%,0%,Unknown,,,
largest solar manufacturers,INR,50,0%,0%,Low,3,,
largest solar manufacturers in india,INR,50,0%,0%,Low,5,,
largest solar panel manufacturers in india,INR,50,0%,0%,Low,6,8.89,68.01
leading producer of solar energy in india,INR,500,0%,0%,Low,0,,
leading solar companies in india,INR,500,0%,0%,Low,3,6.48,34.67
leading solar panel manufacturers in india,INR,50,900%,900%,Low,10,6.91,18.67
list of best solar panel manufacturers,INR,50,0%,-100%,Unknown,,,
list of solar cell manufacturing companies in india,INR,50,0%,-90%,Low,6,5.11,33.71
list of solar companies in india,INR,500,0%,0%,Low,4,6.94,72.72
list of solar energy companies in india,INR,50,0%,-90%,Low,3,6.45,58.27
listed companies in solar energy in india,INR,50,0%,0%,Low,0,,
listed solar companies in india,INR,500,0%,0%,Low,0,,
nagpur solar company,INR,500,-90%,0%,Low,8,4.48,17.48
new tech solar,INR,500,0%,0%,Low,8,6.95,75.28
no 1 solar company in india,INR,500,0%,0%,Low,10,6.26,27.59
no 1 solar panel in india,INR,500,0%,0%,Low,15,1.04,12.30
power and solar systems limited,INR,50,∞,∞,Low,0,,
project report on solar energy,INR,500,-90%,-90%,Low,3,,
pv energy solutions,INR,50,0%,0%,Low,0,,
reliance solar energy,INR,500,0%,0%,Low,2,5.83,17.48
reliance solar jobs,INR,50,0%,0%,Low,11,1.02,2.04
reliance solar manufacturing plant,INR,500,0%,900%,Low,2,6.66,161.28
reliance solar panel price,INR,50,900%,900%,Low,26,2.86,11.20
renew power jaipur plant,INR,500,0%,0%,Low,0,,
rooftop solar developer,INR,50,0%,0%,Low,14,,
rooftop solar scheme up,INR,50,0%,0%,Low,29,4.10,25.51
smart solar light manufacturer,INR,50,0%,0%,Unknown,,,
smart sun power,INR,50,0%,0%,Low,2,,
solar ac brands in india,INR,50,0%,0%,Low,22,,
solar ac company in india,INR,50,0%,0%,Low,15,1.23,11.65
solar best company in india,INR,50,0%,0%,Low,12,7.01,24.60
solar brands in india,INR,500,0%,900%,Low,6,5.60,23.19
solar cell manufacturing plant cost in india,INR,50,0%,0%,Low,19,7.80,18.11
solar city dubai,INR,50,0%,0%,Low,3,,
solar city in india,INR,500,900%,900%,Low,0,,
solar city jobs,INR,50,0%,0%,Low,0,,
solar city of india,INR,500,900%,900%,Low,0,,
solar companies in delhi,INR,500,0%,0%,Low,15,6.00,18.72
solar companies in gurgaon,INR,500,0%,0%,Low,12,5.88,24.37
solar companies in pune,INR,500,0%,0%,Low,15,6.73,20.03
solar companies in stock market,INR,50,0%,900%,Low,1,,
solar companies share price,INR,500,0%,0%,Low,1,21.36,96.57
solar company in bhubaneswar,INR,500,0%,0%,Low,9,4.42,19.98
solar company in bihar,INR,500,-90%,0%,Low,15,5.53,26.22
solar company in bikaner,INR,50,-90%,0%,Low,11,3.70,13.36
solar company in odisha,INR,500,0%,0%,Low,9,5.10,14.98
solar company in ranchi,INR,500,0%,0%,Low,12,4.17,17.87
solar company in west bengal,INR,500,0%,0%,Low,9,4.35,18.31
solar company name in india,INR,50,0%,0%,Low,2,,
solar company names list in india,INR,50,-90%,0%,Low,1,,
solar company share,INR,500,0%,900%,Low,1,24.15,61.89
solar company share list,INR,500,0%,900%,Low,0,,
solar company share price list in india,INR,500,0%,900%,Low,0,34.26,75.53
solar developers in india,INR,50,0%,-90%,Low,8,9.85,66.60
solar energy business in india,INR,500,0%,0%,Low,25,3.50,21.31
solar energy companies in india listed in stock market,INR,50,0%,0%,Low,0,,
solar energy company in delhi,INR,50,0%,0%,Low,7,,
solar energy company share price,INR,500,-90%,-90%,Low,1,,
solar energy corporation,INR,50,-90%,0%,Low,0,,
solar energy corporation of india limited,INR,500,0%,0%,Low,8,,
solar energy corporation of india recruitment 2022,INR,50,0%,-90%,Low,5,,
solar energy corporation of india share,INR,50,0%,900%,Low,0,,
solar energy if,INR,50,0%,0%,Low,0,,
solar energy installed capacity in india,INR,500,0%,900%,Low,1,,
solar energy largest producer in india,INR,50,0%,0%,Low,1,,
solar energy listed companies in india,INR,50,-90%,-90%,Low,0,,
solar energy names,INR,50,0%,0%,Low,0,,
solar energy pvt ltd,INR,500,0%,900%,Low,3,14.17,166.50
solar energy shares in india,INR,500,0%,0%,Low,0,,
solar energy solar energy,INR,50000,0%,0%,Low,6,12.49,54.94
solar energy stocks in india,INR,5000,0%,0%,Low,0,15.03,57.18
solar energy stocks india 2022,INR,50,0%,-90%,Low,0,,
solar energy tech,INR,500,0%,0%,Low,11,5.83,29.97
solar epc companies in mumbai,INR,500,0%,0%,Low,5,14.34,54.94
solar epc development ltd,INR,50,0%,0%,Low,0,,
solar epc full form,INR,500,0%,0%,Low,0,,
solar epc meaning,INR,50,0%,-90%,Low,0,,
solar equipment manufacturers in india,INR,50,0%,0%,Low,19,7.76,24.97
solar group com,INR,500,900%,0%,Low,0,,
solar group employee portal,INR,500,0%,0%,Low,0,,
solar group india,INR,50,0%,0%,Low,1,,
solar group limited,INR,50,0%,0%,Low,5,1.66,1.66
solar group login,INR,5000,0%,0%,Low,0,,
solar group nagpur,INR,500,0%,0%,Low,1,,
solar group share price,INR,500,0%,0%,Low,5,4.16,19.35
solar india pvt ltd,INR,500,0%,0%,Low,2,,
solar industries in india,INR,500,0%,0%,Low,4,4.86,55.78
solar install tech,INR,50,0%,∞,Low,5,,
solar installation in india,INR,500,0%,0%,Low,2,7.06,20.81
solar ltd,INR,50,0%,0%,Low,3,1.54,6.83
solar manufacturing company in bangalore,INR,500,0%,0%,Low,10,8.93,18.31
solar manufacturing company in chennai,INR,500,0%,0%,Low,6,4.46,31.91
solar module manufacturing company in india,INR,500,0%,0%,Low,5,2.65,25.10
solar nagpur,INR,500,0%,0%,Low,2,4.32,21.56
solar of tata power,INR,50,∞,0%,Low,29,,
solar panel adani,INR,500,0%,0%,Low,18,4.58,25.83
solar panel adani price,INR,50,0%,900%,Low,28,2.70,11.45
solar panel brands in india,INR,500,0%,0%,Low,5,3.20,25.58
solar panel company in lucknow,INR,50,900%,0%,Low,22,5.97,22.52
solar panel company share price,INR,50,0%,-90%,Low,0,,
solar panel dealers in ahmedabad,INR,500,-90%,-90%,Low,17,4.22,12.29
solar panel dealers in chennai,INR,500,0%,0%,Low,15,4.20,34.19
solar panel dealers in delhi,INR,50,900%,900%,Low,13,4.21,23.56
solar panel dealers in hyderabad,INR,50,0%,0%,Low,23,3.60,19.98
solar panel dealers in lucknow,INR,500,0%,0%,Low,26,4.21,23.01
solar panel dealers in pune,INR,500,900%,0%,Low,16,3.64,12.66
solar panel distributor in ahmedabad,INR,500,-90%,-90%,Low,17,4.22,12.29
solar panel industry in india,INR,50,-90%,0%,Low,12,5.25,13.51
solar panel installation in ahmedabad,INR,50,0%,0%,Low,23,4.30,14.87
solar panel installation in lucknow,INR,50,0%,0%,Low,31,8.03,33.55
solar panel listed companies in india,INR,50,0%,900%,Low,0,,
solar panel manufacturers ahmedabad,INR,500,0%,0%,Low,11,4.29,16.07
solar panel manufacturers in india listed in stock exchange,INR,50,0%,0%,Low,0,,
solar panel manufacturers in jaipur,INR,500,0%,0%,Low,21,4.44,16.65
solar panel manufacturers in kolkata,INR,500,0%,0%,Low,14,3.68,18.31
solar panel manufacturers in maharashtra,INR,500,0%,0%,Low,13,5.72,20.81
solar panel manufacturers in noida,INR,500,0%,0%,Low,21,6.50,19.15
solar panel manufacturers in pune,INR,500,0%,0%,Low,19,5.83,18.98
solar panel manufacturers listed company in india,INR,50,900%,0%,Low,1,,
solar panel manufacturers stocks in india,INR,50,900%,900%,Low,0,,
solar panel manufacturing plant in india,INR,50,0%,0%,Low,20,9.80,17.60
solar panel stocks india,INR,500,0%,0%,Low,0,,
solar panel tata company,INR,50,0%,0%,High,68,1.20,18.24
solar pay,INR,50,0%,0%,Low,0,,
solar plant in up,INR,500,0%,0%,Low,9,4.29,21.64
solar plant job,INR,500,0%,0%,Low,20,1.05,5.83
solar plant manufacturers in india,INR,500,-90%,-90%,Low,30,9.08,34.89
solar power company shares,INR,50,0%,0%,Low,1,,
solar power corporation of india,INR,50,0%,0%,Low,1,,
solar power generation companies in india,INR,50,900%,900%,Low,9,8.53,41.62
solar power purchase agreement rates in india 2022,INR,50,0%,-90%,Low,2,,
solar power share price,INR,50000,0%,0%,Low,0,17.56,98.68
solar power stocks india,INR,5000,0%,0%,Low,0,,
solar power world company,INR,500,0%,∞,Low,14,,
solar private limited,INR,500,0%,0%,Low,2,,
solar products in india,INR,500,-90%,-90%,Medium,64,1.23,9.04
solar pump apply,INR,500,900%,900%,Low,7,3.09,6.89
solar pv manufacturers in india,INR,50,0%,-90%,Low,9,6.40,25.81
solar pv panel manufacturers,INR,5000,0%,0%,Low,14,8.09,26.28
solar pvt ltd,INR,500,0%,0%,Low,2,,
solar rooftop company in ahmedabad,INR,50,0%,-90%,Low,11,5.83,50.78
solar secure solutions,INR,500,900%,900%,Low,1,22.48,77.02
solar solutions india,INR,50,900%,900%,Low,13,5.79,15.93
solar stocks in india,INR,5000,0%,0%,Low,0,,
solar stocks india,INR,5000,0%,0%,Low,0,,
solar tata price,INR,50,0%,0%,Low,23,5.80,102.96
solar tech pvt ltd,INR,50,0%,0%,Low,1,,
solar ups price in india,INR,50,0%,0%,Medium,39,,
solar we,INR,50,0%,0%,Low,0,,
subsidy on solar panel in delhi,INR,50,0%,0%,Low,33,2.23,11.35
subsidy on solar system in maharashtra,INR,50,0%,-90%,Low,17,3.29,75.35
sun energy solar system,INR,50,0%,0%,Low,2,,
sun power energy company,INR,50,0%,0%,Unknown,,,
sun power jobs,INR,50,0%,0%,Low,0,,
sun power plant,INR,50,0%,0%,Low,0,,
sun power share price,INR,500,0%,0%,Low,0,,
sun rooftop,INR,50,0%,0%,Low,1,,
tata floating solar power plant,INR,500,0%,0%,Low,0,,
tata panel price,INR,500,0%,0%,Low,10,1.33,11.05
tata power battery,INR,50,900%,900%,Low,2,,
tata power dealership,INR,50,900%,0%,Low,5,7.82,39.87
tata power floating solar,INR,500,0%,0%,Low,2,,
tata power floating solar plant,INR,50,0%,0%,Low,0,,
tata power solar bangalore office,INR,50,-90%,0%,Low,3,27.47,87.41
tata power solar contact number,INR,500,0%,0%,Low,0,,
tata power solar customer care number,INR,50,0%,0%,Low,0,,
tata power solar jobs,INR,500,0%,0%,Low,14,1.04,8.61
tata power solar ltd,INR,500,0%,0%,Low,6,7.50,67.93
tata power solar manufacturing plant,INR,50,0%,-90%,Low,4,10.03,29.49
tata power solar pump price,INR,50,0%,0%,Low,11,,
tata power solar rooftop dealership,INR,50,0%,0%,Low,31,5.55,37.55
tata power solar unit 1,INR,500,0%,0%,Low,8,,
tata rooftop solar price,INR,50,0%,0%,Low,27,5.97,19.26
tata solar 100 watt price,INR,50,0%,0%,Medium,33,0.95,8.72
tata solar battery,INR,50,900%,900%,Medium,50,0.99,13.47
tata solar battery price,INR,500,-90%,-90%,Medium,56,0.99,14.98
tata solar calculator,INR,500,-90%,-90%,Low,14,7.83,24.72
tata solar company,INR,50000,0%,0%,Low,15,6.03,68.79
tata solar company contact number,INR,50,0%,0%,Low,0,,
tata solar contact number,INR,500,0%,0%,Low,0,,
tata solar customer care,INR,500,0%,900%,Low,0,,
tata solar customer care number,INR,500,0%,0%,Low,0,,
tata solar distributor near me,INR,50,0%,-90%,Low,7,7.49,22.54
tata solar light,INR,500,0%,900%,High,99,5.40,19.87
tata solar manufacturing plant in india,INR,50,0%,-90%,Low,2,,
tata solar panel 100 watt price in india,INR,500,-90%,-90%,Medium,49,0.96,8.03
tata solar panel 1000 watt price in india,INR,500,0%,0%,Low,23,1.00,167.68
tata solar panel contact number,INR,50,900%,900%,Low,0,,
tata solar panel customer care number,INR,50,-90%,0%,Low,0,,
tata solar panel dealers near me,INR,500,-90%,0%,Low,20,4.30,25.71
tata solar panel distributor,INR,50,900%,0%,Low,26,5.83,27.57
tata solar panel price in chennai,INR,50,0%,0%,Medium,56,6.56,33.51
tata solar panel price in delhi,INR,50,0%,0%,Medium,41,5.51,14.91
tata solar panel price in india for home use,INR,50,0%,0%,Low,30,9.30,23.22
tata solar panel price in kolkata,INR,50,0%,0%,High,68,1.42,8.05
tata solar panel price in lucknow,INR,50,0%,0%,Low,17,4.35,13.87
tata solar panel price per watt,INR,50,0%,0%,Low,11,1.10,9.72
tata solar power plant in maharashtra,INR,50,0%,0%,Low,4,,
tata solar power recruitment 2022,INR,50,-100%,-100%,Unknown,,,
tata solar power system for home price,INR,50,0%,0%,Medium,40,7.24,25.40
tata solar project,INR,50,0%,0%,Low,7,10.03,70.06
tata solar project bikaner,INR,50,0%,0%,Low,2,,
tata solar pump contact number,INR,50,0%,-90%,Low,0,,
tata solar pump customer care number,INR,500,0%,0%,Low,0,,
tata solar pump price,INR,500,0%,0%,Low,15,1.63,6.66
tata solar pump price list,INR,500,0%,0%,Low,4,5.00,12.85
tata solar recruitment 2022,INR,50,0%,-100%,Unknown,,,
tata solar roof,INR,50,0%,0%,Low,19,5.00,45.77
tata solar water pump,INR,50,0%,0%,Low,8,,
tata solar water pump price in india,INR,50,0%,0%,Low,2,,
top 10 solar companies in india 2022,INR,500,0%,-90%,Low,0,,
top 10 solar companies in mumbai,INR,50,0%,0%,Low,10,6.79,17.48
top 10 solar companies in world,INR,50,0%,0%,Low,4,44.95,98.37
top 10 solar energy companies in india,INR,50,-90%,0%,Low,4,11.58,166.50
top 10 solar epc companies in india,INR,500,0%,0%,Low,10,8.32,45.79
top 10 solar module manufacturers,INR,50,0%,0%,Low,3,,
top 20 solar companies in india,INR,500,0%,0%,Low,2,,
top 20 solar panel manufacturers in india,INR,500,0%,900%,Low,10,8.54,42.82
top companies in solar energy india,INR,500,0%,0%,Low,4,9.06,58.27
top solar cell manufacturers in india,INR,50,0%,0%,Low,8,,
top solar companies in india listed in stock market,INR,500,0%,900%,Low,0,,
top solar energy companies in india,INR,500,0%,0%,Low,4,9.06,58.27
top solar energy stocks in india,INR,500,0%,0%,Low,0,,
top solar energy tech solutions,INR,50,0%,0%,Unknown,,,
top solar epc companies in india,INR,500,-90%,0%,Low,5,11.67,161.50
top solar manufacturers in india,INR,50,0%,0%,Low,10,7.51,17.36
top solar panel companies in india,INR,500,0%,-90%,Low,8,8.36,27.46
top solar panel manufacturers in india listed in stock exchange,INR,500,0%,900%,Low,0,,
top solar panels in india,INR,500,0%,0%,Low,14,5.81,37.53
top solar power companies in india,INR,5000,0%,0%,Low,5,8.41,35.80
top ten solar companies in india,INR,500,0%,0%,Low,5,9.01,62.44
top ten solar panels in india,INR,500,0%,0%,Low,11,7.94,27.59
tp solar limited,INR,500,0%,900%,Low,0,,
we get solar energy from,INR,500,0%,0%,Low,0,10.82,66.60
we share solar,INR,50,0%,-100%,Unknown,,,
wind energy solar energy,INR,5000,0%,900%,Low,6,6.66,56.36
www adani solar com,INR,500,0%,900%,Low,9,6.00,21.64
www solar group com,INR,500,0%,0%,Low,1,,
www tata solar power com,INR,50,900%,900%,Low,27,6.92,16.25